user_id,month,duration,plan_encoded,totalcost
1000,12,116.83,1,1.1683000000000001
1001,8,171.14,0,5.134199999999999
1001,9,297.69,0,8.9307
1001,10,374.11,0,11.2233
1001,11,374.59,0,11.237699999999998
1001,12,339.2,0,10.176
1002,10,54.13,0,1.6239000000000001
1002,11,359.76,0,10.7928
1002,12,337.02,0,10.1106
1003,12,990.06,0,14.701799999999999
1004,5,181.58,0,5.4474
1004,6,261.32,0,7.8396
1004,7,332.99,0,9.9897
1004,8,334.86,0,10.0458
1004,9,284.6,0,8.538
1004,10,341.63,0,10.248899999999999
1004,11,452.98,0,13.5894
1004,12,352.31,0,10.5693
1005,12,470.22,0,14.1066
1006,11,9.32,1,0.0932
1006,12,54.79,1,0.5479
1007,8,427.95,0,12.8385
1007,9,375.83,0,11.274899999999999
1007,10,610.65,0,3.3194999999999992
1007,11,490.29,0,14.7087
1007,12,579.43,0,2.3828999999999985
1008,10,450.21,1,4.5020999999999995
1008,11,370.94,1,3.7094
1008,12,600.29,1,6.0028999999999995
1009,5,498.93,0,14.9679
1009,6,775.52,0,8.2656
1009,7,826.74,0,9.8022
1009,8,680.39,0,5.4117
1009,9,730.47,0,6.9141
1009,10,696.35,0,5.8905
1009,11,641.23,0,4.2369
1009,12,683.7,0,5.511000000000001
1010,3,408.42,0,12.2526
1010,4,618.43,0,3.5528999999999984
1010,5,497.94,0,14.9382
1010,6,524.14,0,0.7241999999999995
1010,7,658.24,0,4.7472
1010,8,566.47,0,1.9941000000000006
1010,9,568.75,0,2.0625
1010,10,668.63,0,5.0588999999999995
1010,11,219.44,0,6.5832
1011,6,111.67999999999999,1,1.1168
1011,7,472.65999999999997,1,4.7265999999999995
1011,8,433.52,1,4.3351999999999995
1011,9,423.96,1,4.2396
1011,10,476.99,1,4.7699
1011,11,449.62,1,4.4962
1011,12,292.55,1,2.9255
1012,11,71.42,0,2.1426
1012,12,72.31,0,2.1693
1013,12,203.37,1,2.0337
1014,11,149.33,0,4.4799
1014,12,1024.94,0,15.7482
1015,12,89.49,0,2.6847
1016,10,162.24,0,4.8672
1016,11,610.4,0,3.3119999999999994
1016,12,731.41,0,6.942299999999999
1017,8,55.26,0,1.6578
1017,9,335.86,0,10.0758
1017,10,375.49,0,11.2647
1017,11,362.34000000000003,0,10.8702
1017,12,450.86,0,13.5258
1018,10,173.67000000000002,0,5.210100000000001
1018,11,601.88,0,3.0563999999999996
1018,12,447.9,0,13.437
1019,11,41.38,0,1.2414
1019,12,441.98,0,13.2594
1020,11,405.3,0,12.159
1020,12,475.72,0,14.271600000000001
1021,12,350.83,0,10.524899999999999
1022,5,287.34,0,8.620199999999999
1022,6,455.45,0,13.663499999999999
1022,7,448.25,0,13.4475
1022,8,598.78,0,2.963399999999999
1022,9,456.26,0,13.6878
1022,10,544.05,0,1.3214999999999986
1022,11,469.25,0,14.077499999999999
1022,12,526.1,0,0.7830000000000007
1023,7,40.13,0,1.2039
1023,8,66.66,0,1.9997999999999998
1024,12,503.66,0,0.10980000000000074
1026,7,152.12,1,1.5212
1026,8,183.52,1,1.8352000000000002
1027,7,327.9,0,9.837
1027,8,341.3,0,10.239
1027,9,304.12,0,9.1236
1027,10,393.25,0,11.7975
1027,11,377.32,0,11.3196
1027,12,270.9,0,8.126999999999999
1028,3,37.01,1,0.3701
1028,4,49.41,1,0.4941
1028,5,62.97,1,0.6297
1028,6,44.0,1,0.44
1028,7,50.19,1,0.5019
1028,8,71.55,1,0.7155
1028,9,33.89,1,0.33890000000000003
1028,10,34.019999999999996,1,0.34019999999999995
1028,11,64.74,1,0.6474
1028,12,40.68,1,0.4068
1029,8,40.63,0,1.2189
1029,9,715.58,0,6.467400000000001
1029,10,655.0,0,4.6499999999999995
1029,11,601.03,0,3.030899999999999
1029,12,599.13,0,2.9738999999999995
1030,10,439.05,1,4.3905
1030,11,444.8,1,4.448
1030,12,395.39,1,3.9539
1031,7,288.57,1,2.8857
1031,8,429.44,1,4.2944
1031,9,482.34,1,4.8233999999999995
1031,10,505.58,1,5.0558
1031,11,575.18,1,5.751799999999999
1031,12,443.17,1,4.4317
1032,11,293.29,1,2.9329
1032,12,725.52,1,7.2552
1033,9,156.54,1,1.5654
1033,10,737.29,1,7.3729
1033,11,799.1,1,7.9910000000000005
1033,12,552.76,1,5.5276
1034,8,5.3100000000000005,0,0.1593
1035,12,560.41,0,1.812299999999999
1036,6,152.25,1,1.5225
1036,7,485.13,1,4.8513
1036,8,480.54,1,4.805400000000001
1036,9,276.65,1,2.7664999999999997
1036,10,397.78,1,3.9778
1036,11,488.04,1,4.880400000000001
1036,12,342.32,1,3.4232
1037,12,437.65999999999997,1,4.3766
1038,10,172.35999999999999,1,1.7235999999999998
1038,11,389.27,1,3.8927
1038,12,444.65999999999997,1,4.4466
1039,6,305.21,1,3.0521
1039,7,402.35,1,4.0235
1039,8,389.76,1,3.8976
1039,9,448.19,1,4.4819
1039,10,404.97,1,4.0497000000000005
1039,11,465.75,1,4.6575
1039,12,514.1,1,5.141
1040,12,280.93,0,8.4279
1041,3,20.63,1,0.20629999999999998
1041,4,424.66,1,4.2466
1041,5,387.32,1,3.8732
1041,6,290.27,1,2.9027
1041,7,505.47,1,5.0547
1041,8,465.63,1,4.6563
1041,9,254.55,1,2.5455
1041,10,424.69,1,4.2469
1041,11,279.51,1,2.7951
1041,12,394.77,1,3.9476999999999998
1042,1,106.83,0,3.2049
1042,2,240.66,0,7.219799999999999
1042,3,200.48,0,6.014399999999999
1042,4,264.49,0,7.9347
1042,5,470.67,0,14.1201
1042,6,353.99,0,10.6197
1042,7,349.24,0,10.4772
1042,8,315.44,0,9.463199999999999
1042,9,235.98000000000002,0,7.079400000000001
1042,10,265.16,0,7.9548000000000005
1042,11,285.82,0,8.5746
1042,12,339.13,0,10.1739
1043,6,75.48,1,0.7548
1043,7,280.04,1,2.8004000000000002
1043,8,108.26,1,1.0826
1043,9,188.6,1,1.886
1043,10,153.36,1,1.5336
1043,11,173.81,1,1.7381
1043,12,211.11,1,2.1111
1044,8,12.45,0,0.37349999999999994
1044,9,299.64,0,8.989199999999999
1044,10,161.69,0,4.8507
1044,11,297.94,0,8.9382
1044,12,295.03,0,8.8509
1045,10,288.56,0,8.6568
1045,11,509.4,0,0.2819999999999993
1045,12,589.3,0,2.6789999999999985
1046,6,324.84999999999997,0,9.745499999999998
1046,7,476.25,0,14.2875
1046,8,475.95,0,14.2785
1046,9,490.77,0,14.723099999999999
1046,10,543.6800000000001,0,1.3104000000000018
1046,11,396.08,0,11.882399999999999
1046,12,574.15,0,2.224499999999999
1047,12,349.48,1,3.4948
1048,8,68.09,0,2.0427
1048,9,247.85999999999999,0,7.4357999999999995
1048,10,192.02,0,5.7606
1048,11,245.1,0,7.353
1048,12,152.18,0,4.5654
1049,4,224.57,0,6.7371
1049,5,284.62,0,8.5386
1049,6,322.76,0,9.682799999999999
1049,7,280.21,0,8.4063
1049,8,357.52,0,10.725599999999998
1049,9,335.44,0,10.0632
1049,10,299.17,0,8.9751
1049,11,293.51,0,8.805299999999999
1049,12,291.08,0,8.732399999999998
1050,3,126.16,1,1.2616
1050,4,331.44,1,3.3144
1050,5,392.51,1,3.9251
1050,6,447.02,1,4.4702
1050,7,403.42,1,4.0342
1050,8,337.33,1,3.3733
1050,9,349.48,1,3.4948
1050,10,260.48,1,2.6048000000000004
1050,11,385.92,1,3.8592000000000004
1050,12,275.76,1,2.7576
1051,12,164.92000000000002,0,4.9476
1052,11,197.32,0,5.9196
1052,12,1136.0,0,19.08
1053,7,16.06,0,0.48179999999999995
1053,8,454.84000000000003,0,13.6452
1053,9,363.51,0,10.905299999999999
1053,10,438.1,0,13.143
1053,11,457.91,0,13.7373
1053,12,290.93,0,8.7279
1054,4,31.07,0,0.9320999999999999
1054,5,260.7,0,7.821
1054,6,197.27,0,5.9181
1054,7,298.23,0,8.9469
1054,8,139.15,0,4.1745
1054,9,305.32,0,9.1596
1054,10,242.83,0,7.2849
1054,11,191.23000000000002,0,5.7369
1054,12,437.31,0,13.119299999999999
1055,5,154.17,0,4.6251
1055,6,183.66,0,5.509799999999999
1055,7,257.83,0,7.7349
1055,8,244.37,0,7.3311
1055,9,185.43,0,5.5629
1055,10,277.77,0,8.3331
1055,11,193.66,0,5.8098
1055,12,236.59,0,7.0977
1056,7,69.09,0,2.0727
1056,8,329.36,0,9.8808
1056,9,371.95,0,11.1585
1056,10,267.94,0,8.0382
1056,11,373.79,0,11.2137
1056,12,429.19,0,12.8757
1057,9,126.69,1,1.2669
1057,10,1053.1299999999999,1,10.5313
1057,11,961.8,1,9.618
1057,12,1083.3,1,10.833
1058,11,534.5,0,1.035
1058,12,587.85,0,2.6355000000000004
1059,4,205.71,1,2.0571
1059,5,817.68,1,8.1768
1059,6,681.09,1,6.8109
1059,7,646.39,1,6.4639
1059,8,743.14,1,7.4314
1059,9,763.58,1,7.635800000000001
1059,10,658.93,1,6.5893
1059,11,694.42,1,6.9441999999999995
1059,12,692.6,1,6.926
1060,8,451.2,0,13.536
1060,9,574.5,0,2.235
1060,10,643.38,0,4.3014
1060,11,538.6,0,1.1580000000000006
1060,12,722.88,0,6.6864
1061,4,265.24,1,2.6524
1061,5,691.04,1,6.9104
1061,6,469.05,1,4.6905
1061,7,516.19,1,5.161900000000001
1061,8,536.74,1,5.3674
1061,9,583.72,1,5.8372
1061,10,627.78,1,6.2778
1061,11,393.66,1,3.9366000000000003
1061,12,471.83,1,4.7183
1062,3,79.78,1,0.7978000000000001
1062,4,283.54,1,2.8354000000000004
1062,5,335.13,1,3.3513
1062,6,227.01,1,2.2701
1062,7,263.28000000000003,1,2.6328000000000005
1062,8,210.41,1,2.1041
1062,9,192.05,1,1.9205
1062,10,271.26,1,2.7126
1062,11,170.82,1,1.7082
1062,12,244.73,1,2.4473
1063,11,63.39,1,0.6339
1063,12,94.85,1,0.9485
1064,6,142.45000000000002,0,4.2735
1064,7,447.02,0,13.410599999999999
1064,8,593.07,0,2.7921000000000014
1064,9,533.91,0,1.017299999999999
1064,10,574.61,0,2.2383
1064,11,494.32,0,14.8296
1064,12,413.26,0,12.3978
1065,9,170.58,0,5.1174
1065,10,687.97,0,5.639100000000001
1065,11,596.19,0,2.8857000000000017
1065,12,443.79,0,13.3137
1066,3,317.46,0,9.5238
1066,4,438.04,0,13.1412
1066,5,423.85,0,12.7155
1066,6,423.65999999999997,0,12.709799999999998
1066,7,351.92,0,10.5576
1066,8,364.07,0,10.922099999999999
1066,9,453.92,0,13.6176
1066,10,387.07,0,11.6121
1066,11,370.27,0,11.108099999999999
1066,12,483.56,0,14.5068
1067,9,66.16,0,1.9848
1067,10,447.98,0,13.439400000000001
1067,11,391.39,0,11.7417
1067,12,327.35,0,9.820500000000001
1068,5,109.37,0,3.2811
1068,6,279.44,0,8.3832
1068,7,228.60999999999999,0,6.858299999999999
1068,8,210.3,0,6.309
1068,9,148.48,0,4.4544
1068,10,257.16,0,7.7148
1068,11,193.22,0,5.7966
1068,12,257.74,0,7.7322
1069,9,208.79,1,2.0879
1069,10,510.03000000000003,1,5.100300000000001
1069,11,589.49,1,5.8949
1069,12,642.71,1,6.4271
1070,12,297.04,0,8.911200000000001
1071,5,154.89,0,4.646699999999999
1071,6,335.94,0,10.078199999999999
1071,7,555.09,0,1.652700000000001
1071,8,489.09999999999997,0,14.672999999999998
1071,9,434.72,0,13.0416
1071,10,511.66,0,0.3498000000000007
1071,11,407.12,0,12.2136
1071,12,440.4,0,13.211999999999998
1072,7,319.76,0,9.592799999999999
1072,8,542.59,0,1.277700000000001
1072,9,544.75,0,1.3425
1072,10,577.9399999999999,0,2.3381999999999983
1072,11,441.77,0,13.253099999999998
1072,12,397.75,0,11.9325
1073,4,192.35,0,5.770499999999999
1073,5,258.44,0,7.7532
1073,6,280.13,0,8.4039
1073,7,306.92,0,9.2076
1073,8,180.1,0,5.403
1073,9,184.78,0,5.5434
1073,10,312.98,0,9.3894
1073,11,297.76,0,8.932799999999999
1073,12,352.75,0,10.5825
1074,11,99.71,1,0.9971
1074,12,559.11,1,5.5911
1075,9,113.83,0,3.4149
1075,10,198.18,0,5.9454
1075,11,111.28,0,3.3384
1075,12,224.53,0,6.7359
1076,7,27.12,0,0.8136
1076,8,372.56,0,11.1768
1076,9,341.41,0,10.2423
1076,10,295.03,0,8.8509
1076,11,362.29,0,10.8687
1076,12,372.46,0,11.173799999999998
1077,1,275.07,1,2.7507
1077,2,680.86,1,6.8086
1077,3,663.16,1,6.6316
1077,4,678.17,1,6.7817
1077,5,625.09,1,6.250900000000001
1077,6,673.14,1,6.7314
1077,7,763.84,1,7.638400000000001
1077,8,685.61,1,6.8561000000000005
1077,9,804.84,1,8.0484
1077,10,502.45,1,5.0245
1077,11,793.02,1,7.9302
1077,12,797.43,1,7.9742999999999995
1078,11,88.66,0,2.6597999999999997
1078,12,80.03999999999999,0,2.4012
1079,7,37.85,0,1.1355
1079,8,795.85,0,8.8755
1079,9,602.89,0,3.0866999999999996
1079,10,667.15,0,5.014499999999999
1079,11,649.43,0,4.482899999999998
1079,12,796.01,0,8.8803
1081,4,15.69,0,0.47069999999999995
1081,5,280.07,0,8.402099999999999
1081,6,295.96,0,8.878799999999998
1081,7,181.81,0,5.4543
1081,8,251.38,0,7.541399999999999
1081,9,169.81,0,5.0943
1081,10,201.57,0,6.0470999999999995
1081,11,172.44,0,5.1732
1081,12,206.49,0,6.1947
1082,4,179.07,0,5.3721
1082,5,661.15,0,4.834499999999999
1082,6,627.93,0,3.8378999999999985
1082,7,490.59,0,14.717699999999999
1082,8,617.15,0,3.514499999999999
1082,9,580.96,0,2.428800000000001
1082,10,570.23,0,2.1069000000000004
1082,11,580.07,0,2.4021000000000012
1082,12,702.07,0,6.062100000000001
1083,10,15.74,0,0.4722
1083,11,504.28000000000003,0,0.12840000000000087
1083,12,372.85,0,11.185500000000001
1084,10,218.69,0,6.5607
1084,11,818.86,0,9.5658
1084,12,652.19,0,4.565700000000001
1085,8,11.049999999999999,1,0.11049999999999999
1085,9,413.04,1,4.1304
1085,10,552.5,1,5.525
1085,11,491.3,1,4.913
1085,12,498.62,1,4.9862
1086,12,317.21999999999997,1,3.1721999999999997
1087,11,162.43,0,4.8729000000000005
1087,12,390.35,0,11.7105
1088,5,21.25,1,0.2125
1088,6,176.67,1,1.7667
1088,7,287.98,1,2.8798000000000004
1088,8,226.12,1,2.2612
1088,9,195.71,1,1.9571
1088,10,179.08,1,1.7908000000000002
1088,11,214.31,1,2.1431
1088,12,168.59,1,1.6859000000000002
1090,5,174.15,0,5.2245
1090,6,296.2,0,8.886
1090,7,279.3,0,8.379
1090,8,314.57,0,9.4371
1090,9,386.35,0,11.5905
1090,10,394.92,0,11.8476
1090,11,445.6,0,13.368
1090,12,270.02,0,8.1006
1091,10,263.90999999999997,1,2.6390999999999996
1091,11,502.18,1,5.0218
1092,12,579.09,0,2.372700000000001
1093,12,230.96,0,6.9288
1094,10,0.0,0,0.0
1094,11,905.31,0,12.159299999999998
1094,12,643.95,0,4.318500000000001
1095,4,36.629999999999995,0,1.0988999999999998
1095,5,174.04,0,5.2212
1095,6,79.94,0,2.3981999999999997
1095,7,89.96000000000001,0,2.6988000000000003
1095,8,95.07000000000001,0,2.8521
1095,9,108.67,0,3.2601
1095,10,161.52,0,4.8456
1095,11,143.96,0,4.3188
1095,12,136.96,0,4.1088000000000005
1096,12,132.23,1,1.3223
1097,8,177.53,0,5.3259
1097,9,676.15,0,5.2844999999999995
1097,10,652.71,0,4.581300000000001
1097,11,586.3,0,2.5889999999999986
1097,12,767.46,0,8.023800000000001
1098,8,311.78,0,9.353399999999999
1098,9,515.25,0,0.45749999999999996
1098,10,606.17,0,3.1850999999999985
1098,11,432.31,0,12.969299999999999
1098,12,421.14,0,12.6342
1099,2,36.82,0,1.1046
1099,3,659.04,0,4.7711999999999986
1099,4,473.32,0,14.199599999999998
1099,5,479.61,0,14.3883
1099,6,346.67,0,10.4001
1099,7,420.04,0,12.6012
1099,8,386.9,0,11.607
1099,9,463.2,0,13.895999999999999
1099,10,486.99,0,14.6097
1099,11,657.73,0,4.7319
1099,12,511.69,0,0.3506999999999999
1100,8,218.48,0,6.554399999999999
1100,9,471.67,0,14.1501
1100,10,238.54,0,7.156199999999999
1100,11,342.71,0,10.2813
1100,12,283.99,0,8.5197
1101,4,137.5,0,4.125
1101,5,344.37,0,10.3311
1101,6,428.84,0,12.865199999999998
1101,7,284.3,0,8.529
1101,8,435.55,0,13.0665
1101,9,391.14,0,11.7342
1101,10,446.21999999999997,0,13.386599999999998
1101,11,427.22,0,12.816600000000001
1101,12,330.65,0,9.9195
1102,12,354.14,1,3.5414
1103,8,155.02,0,4.6506
1103,9,395.07,0,11.8521
1103,10,355.6,0,10.668000000000001
1103,11,294.44,0,8.8332
1103,12,375.07,0,11.252099999999999
1104,12,8.73,1,0.0873
1105,10,413.06,0,12.3918
1105,11,788.65,0,8.6595
1105,12,824.93,0,9.747899999999998
1106,5,161.89,0,4.856699999999999
1106,6,473.02,0,14.190599999999998
1106,7,542.16,0,1.264799999999999
1106,8,563.78,0,1.913399999999999
1106,9,478.87,0,14.3661
1106,10,456.76,0,13.7028
1106,11,531.86,0,0.9558000000000004
1106,12,512.08,0,0.3624000000000012
1107,11,52.870000000000005,1,0.5287000000000001
1107,12,304.47,1,3.0447
1109,4,201.18,0,6.0354
1109,5,413.83,0,12.4149
1109,6,542.07,0,1.2621000000000016
1109,7,466.3,0,13.988999999999999
1109,8,485.84000000000003,0,14.5752
1109,9,361.6,0,10.848
1109,10,571.88,0,2.1563999999999997
1109,11,441.31,0,13.2393
1109,12,441.27,0,13.2381
1110,5,65.07,0,1.9520999999999997
1110,6,382.09,0,11.462699999999998
1110,7,475.68,0,14.2704
1110,8,257.67,0,7.7301
1110,9,462.12,0,13.8636
1110,10,407.75,0,12.2325
1110,11,365.53,0,10.9659
1110,12,409.11,0,12.2733
1111,9,173.85999999999999,0,5.2158
1111,10,227.9,0,6.837
1111,11,332.67,0,9.9801
1111,12,342.26,0,10.2678
1112,10,633.95,1,6.339500000000001
1112,11,837.98,1,8.3798
1112,12,703.4,1,7.034
1113,6,398.57,1,3.9857
1113,7,390.87,1,3.9087
1113,8,522.22,1,5.2222
1113,9,469.29,1,4.692900000000001
1113,10,487.32,1,4.8732
1113,11,496.1,1,4.961
1113,12,490.8,1,4.908
1114,7,223.12,0,6.6936
1114,8,697.54,0,5.926199999999999
1114,9,594.7,0,2.841000000000001
1114,10,688.0,0,5.64
1114,11,623.69,0,3.7107000000000014
1114,12,727.53,0,6.825899999999999
1115,11,299.25,0,8.9775
1115,12,833.7,0,10.011000000000001
1116,8,345.44,0,10.363199999999999
1117,5,45.65,0,1.3695
1117,6,361.41,0,10.8423
1117,7,422.49,0,12.6747
1117,8,266.31,0,7.9893
1117,9,403.4,0,12.101999999999999
1117,10,365.43,0,10.9629
1117,11,358.08,0,10.7424
1117,12,288.11,0,8.6433
1118,12,837.68,0,10.130399999999998
1119,10,328.27,0,9.848099999999999
1119,11,432.11,0,12.9633
1119,12,393.57,0,11.8071
1120,4,268.95,0,8.0685
1120,5,440.52,0,13.215599999999998
1120,6,330.3,0,9.909
1120,7,344.94,0,10.3482
1120,8,386.57,0,11.5971
1120,9,406.81,0,12.2043
1120,10,370.04,0,11.1012
1120,11,318.63,0,9.5589
1120,12,411.91,0,12.3573
1122,5,333.28,0,9.998399999999998
1122,6,452.87,0,13.5861
1122,7,333.03000000000003,0,9.9909
1122,8,447.66,0,13.4298
1122,9,443.36,0,13.3008
1122,10,372.7,0,11.181
1122,11,350.75,0,10.522499999999999
1122,12,341.46,0,10.243799999999998
1123,6,40.07,0,1.2021
1123,7,526.76,0,0.8027999999999997
1123,8,519.87,0,0.5961000000000001
1123,9,432.16,0,12.9648
1123,10,585.26,0,2.5578
1123,11,415.77,0,12.473099999999999
1123,12,645.67,0,4.370099999999999
1124,10,220.24,1,2.2024000000000004
1124,11,536.56,1,5.3656
1124,12,421.42,1,4.2142
1125,12,489.51,0,14.6853
1126,6,755.17,1,7.551699999999999
1126,7,897.21,1,8.972100000000001
1126,8,901.49,1,9.0149
1126,9,706.3,1,7.063
1126,10,822.95,1,8.2295
1126,11,978.12,1,9.7812
1126,12,708.61,1,7.0861
1127,6,22.98,0,0.6894
1127,7,231.32999999999998,0,6.939899999999999
1127,8,231.97,0,6.959099999999999
1127,9,174.57,0,5.2371
1127,10,157.06,0,4.7118
1127,11,211.07999999999998,0,6.332399999999999
1127,12,323.93,0,9.7179
1128,6,43.77,1,0.43770000000000003
1128,7,71.7,1,0.7170000000000001
1128,8,53.11,1,0.5311
1128,9,16.84,1,0.1684
1128,10,33.04,1,0.33039999999999997
1128,11,43.230000000000004,1,0.4323000000000001
1128,12,95.56,1,0.9556
1130,9,236.57,0,7.097099999999999
1130,10,469.74,0,14.0922
1130,11,525.0,0,0.75
1130,12,431.44,0,12.9432
1132,4,334.08,1,3.3407999999999998
1132,5,724.76,1,7.2476
1132,6,681.59,1,6.8159
1132,7,546.21,1,5.4621
1132,8,748.51,1,7.4851
1132,9,627.98,1,6.279800000000001
1132,10,625.25,1,6.2525
1132,11,598.29,1,5.9829
1132,12,608.73,1,6.0873
1133,7,58.040000000000006,1,0.5804
1133,8,227.1,1,2.271
1133,9,268.43,1,2.6843
1133,10,209.59,1,2.0959
1133,11,296.54,1,2.9654000000000003
1133,12,247.07,1,2.4707
1134,9,272.15,0,8.164499999999999
1134,10,204.24,0,6.1272
1134,11,211.95,0,6.358499999999999
1134,12,241.31,0,7.2393
1135,12,133.8,1,1.338
1136,10,114.32,0,3.4295999999999998
1136,11,479.91,0,14.3973
1136,12,293.56,0,8.806799999999999
1138,2,287.17,0,8.6151
1138,3,341.96,0,10.258799999999999
1138,4,301.26,0,9.037799999999999
1138,5,356.35,0,10.6905
1138,6,498.79,0,14.9637
1138,7,332.94,0,9.988199999999999
1138,8,516.12,0,0.48360000000000014
1138,9,354.1,0,10.623000000000001
1138,10,416.66,0,12.4998
1138,11,353.06,0,10.5918
1138,12,165.39000000000001,0,4.9617
1139,11,148.6,0,4.457999999999999
1139,12,316.44,0,9.4932
1140,6,159.24,0,4.7772
1140,7,742.27,0,7.2681
1140,8,542.74,0,1.2822000000000002
1140,9,683.89,0,5.516699999999999
1140,10,773.5600000000001,0,8.206800000000001
1140,11,324.91,0,9.747300000000001
1141,6,103.01,0,3.0903
1141,7,739.73,0,7.1919
1141,8,646.21,0,4.386300000000001
1141,9,795.93,0,8.877899999999999
1141,10,979.24,0,14.3772
1141,11,737.52,0,7.1255999999999995
1141,12,787.6,0,8.628
1142,8,81.85,0,2.4555
1142,9,361.52,0,10.8456
1142,10,351.6,0,10.548
1142,11,409.93,0,12.2979
1142,12,390.04,0,11.7012
1144,4,152.09,1,1.5209000000000001
1144,5,533.76,1,5.3376
1144,6,450.85,1,4.508500000000001
1144,7,638.01,1,6.3801
1144,8,540.45,1,5.4045000000000005
1144,9,469.06,1,4.6906
1144,10,521.88,1,5.2188
1144,11,484.65,1,4.8465
1144,12,485.21999999999997,1,4.8522
1145,6,364.76,0,10.9428
1145,7,296.37,0,8.8911
1145,8,297.97,0,8.9391
1145,9,467.28,0,14.018399999999998
1145,10,319.89,0,9.596699999999998
1145,11,210.17,0,6.3050999999999995
1145,12,340.36,0,10.2108
1146,10,206.48,0,6.1944
1146,11,418.64,0,12.559199999999999
1146,12,439.73,0,13.1919
1147,5,713.59,0,6.407700000000001
1147,6,578.0,0,2.34
1147,7,742.39,0,7.271699999999999
1147,8,904.24,0,12.1272
1147,9,507.31,0,0.21930000000000005
1147,10,634.46,0,4.033800000000001
1147,11,761.55,0,7.846499999999998
1147,12,901.52,0,12.045599999999999
1148,11,421.67,0,12.6501
1148,12,555.31,0,1.6592999999999982
1149,9,247.57999999999998,0,7.4274
1149,10,477.2,0,14.315999999999999
1149,11,567.86,0,2.0358000000000005
1149,12,399.71,0,11.991299999999999
1150,9,148.2,1,1.482
1150,10,403.29,1,4.032900000000001
1150,11,566.49,1,5.6649
1150,12,455.45,1,4.5545
1151,8,145.3,0,4.359
1151,9,447.29,0,13.4187
1151,10,464.39,0,13.9317
1151,11,611.78,0,3.3533999999999993
1151,12,648.81,0,4.464299999999998
1152,11,603.83,0,3.1149000000000013
1152,12,698.37,0,5.9511
1153,6,238.36,0,7.1508
1153,7,585.12,0,2.5536
1153,8,645.5,0,4.365
1153,9,552.82,0,1.5846000000000013
1153,10,755.66,0,7.669799999999999
1153,11,620.77,0,3.623099999999999
1153,12,568.09,0,2.042700000000001
1154,10,285.33,1,2.8533
1154,11,242.48,1,2.4248
1154,12,239.32,1,2.3931999999999998
1155,2,86.03999999999999,1,0.8603999999999999
1155,3,253.99,1,2.5399000000000003
1155,4,276.18,1,2.7618
1155,5,215.61,1,2.1561000000000003
1155,6,197.07,1,1.9707
1155,7,105.41,1,1.0541
1155,8,204.79,1,2.0479
1155,9,201.29999999999998,1,2.013
1155,10,253.21,1,2.5321000000000002
1155,11,266.93,1,2.6693000000000002
1155,12,203.07999999999998,1,2.0307999999999997
1156,4,200.22,0,6.0066
1156,5,444.38,0,13.331399999999999
1156,6,566.61,0,1.9983000000000004
1156,7,507.65999999999997,0,0.22979999999999903
1156,8,363.99,0,10.9197
1156,9,311.69,0,9.3507
1156,10,387.09,0,11.612699999999998
1156,11,605.26,0,3.1577999999999995
1156,12,377.51,0,11.325299999999999
1157,7,296.52,0,8.8956
1157,8,362.51,0,10.8753
1157,9,464.21999999999997,0,13.926599999999999
1157,10,405.71,0,12.171299999999999
1157,11,365.4,0,10.962
1157,12,486.37,0,14.591099999999999
1158,12,451.36,1,4.5136
1159,8,706.12,1,7.0612
1159,9,759.4,1,7.594
1159,10,781.05,1,7.810499999999999
1159,11,813.42,1,8.1342
1159,12,984.61,1,9.8461
1160,4,215.51,0,6.465299999999999
1160,5,541.49,0,1.2447000000000001
1160,6,498.68,0,14.9604
1160,7,565.48,0,1.9644000000000004
1160,8,583.9,0,2.516999999999999
1160,9,593.0,0,2.79
1160,10,613.33,0,3.399900000000001
1160,11,499.2,0,14.975999999999999
1160,12,543.22,0,1.2966000000000009
1161,11,107.39,1,1.0739
1161,12,682.16,1,6.8216
1162,10,298.6,1,2.986
1162,11,353.23,1,3.5323
1162,12,367.15999999999997,1,3.6715999999999998
1163,8,367.18,1,3.6718
1163,9,380.33,1,3.8033
1163,10,678.34,1,6.7834
1163,11,547.01,1,5.4701
1163,12,495.9,1,4.959
1164,4,102.43,1,1.0243
1164,5,426.48,1,4.2648
1164,6,372.36,1,3.7236000000000002
1164,7,356.68,1,3.5668
1164,8,273.8,1,2.738
1164,9,428.02,1,4.2802
1164,10,420.68,1,4.2068
1164,11,442.81,1,4.4281
1164,12,305.64,1,3.0564
1165,10,8.34,0,0.2502
1165,11,114.98,0,3.4494
1165,12,174.69,0,5.2406999999999995
1166,9,174.8,0,5.244
1166,10,169.62,0,5.0886
1166,11,172.21,0,5.1663
1166,12,203.66,0,6.1098
1167,5,142.09,0,4.2627
1167,6,615.97,0,3.4791000000000007
1167,7,557.26,0,1.7177999999999998
1167,8,548.65,0,1.4594999999999994
1167,9,426.12,0,12.7836
1167,10,603.43,0,3.102899999999998
1167,11,604.18,0,3.125399999999998
1167,12,577.04,0,2.311199999999999
1168,12,276.28,0,8.2884
1169,12,764.68,0,7.940399999999999
1170,9,84.13,0,2.5239
1170,10,849.44,0,10.483200000000002
1170,11,668.8,0,5.063999999999998
1170,12,834.07,0,10.022100000000002
1171,2,240.63,0,7.2189
1171,3,284.89,0,8.5467
1171,4,297.02,0,8.910599999999999
1171,5,211.4,0,6.342
1171,6,287.76,0,8.6328
1171,7,303.89,0,9.1167
1171,8,242.22,0,7.2665999999999995
1171,9,185.04,0,5.5512
1171,10,280.48,0,8.4144
1171,11,279.49,0,8.3847
1171,12,311.40999999999997,0,9.342299999999998
1172,8,284.27,0,8.528099999999998
1172,9,598.37,0,2.9511
1172,10,489.3,0,14.679
1172,11,585.76,0,2.5727999999999995
1172,12,674.9,0,5.246999999999999
1173,9,68.98,0,2.0694
1173,10,451.1,0,13.533
1173,11,367.94,0,11.0382
1173,12,602.41,0,3.072299999999999
1174,5,167.6,0,5.028
1174,6,618.22,0,3.5466000000000006
1174,7,516.41,0,0.492299999999999
1174,8,504.15,0,0.12449999999999932
1174,9,611.31,0,3.3392999999999984
1174,10,582.44,0,2.4732000000000016
1174,11,456.87,0,13.7061
1174,12,585.77,0,2.5730999999999993
1175,10,638.85,0,4.165500000000001
1175,11,652.34,0,4.570200000000001
1175,12,548.16,0,1.444799999999999
1176,10,149.88,0,4.4963999999999995
1176,11,491.7,0,14.751
1176,12,404.47,0,12.1341
1177,11,260.04,0,7.801200000000001
1177,12,405.59000000000003,0,12.1677
1178,10,374.1,0,11.223
1178,11,382.12,0,11.4636
1178,12,429.23,0,12.876900000000001
1179,7,144.75,0,4.3425
1179,8,562.36,0,1.8708000000000002
1179,9,411.37,0,12.341099999999999
1179,10,391.74,0,11.7522
1179,11,436.73,0,13.1019
1179,12,479.49,0,14.3847
1180,12,581.19,0,2.4357000000000015
1181,4,267.59,0,8.0277
1181,5,548.27,0,1.4480999999999995
1181,6,623.34,0,3.7002000000000006
1181,7,558.91,0,1.767299999999999
1181,8,374.54,0,11.2362
1181,9,604.42,0,3.1325999999999987
1181,10,444.09,0,13.3227
1181,11,556.57,0,1.6971000000000014
1181,12,487.02,0,14.610599999999998
1182,5,20.72,0,0.6215999999999999
1182,6,286.96,0,8.608799999999999
1182,7,242.96,0,7.2888
1182,8,193.79,0,5.8137
1182,9,173.13,0,5.193899999999999
1182,10,151.11,0,4.5333000000000006
1182,11,217.9,0,6.537
1182,12,224.78,0,6.743399999999999
1183,10,166.9,0,5.007
1183,11,636.6,0,4.098000000000001
1183,12,560.57,0,1.8171000000000015
1184,12,630.58,1,6.3058000000000005
1185,1,144.68,1,1.4468
1185,2,367.45,1,3.6745
1185,3,408.26,1,4.0826
1185,4,520.25,1,5.2025
1185,5,449.36,1,4.4936
1185,6,474.35,1,4.7435
1185,7,544.23,1,5.4423
1185,8,516.25,1,5.1625000000000005
1185,9,534.79,1,5.3479
1185,10,414.86,1,4.1486
1185,11,560.22,1,5.602200000000001
1185,12,538.97,1,5.3897
1186,12,85.11,1,0.8511
1187,4,534.33,0,1.0299000000000011
1187,5,591.08,0,2.732400000000001
1187,6,591.31,0,2.7392999999999983
1187,7,530.76,0,0.9227999999999997
1187,8,493.9,0,14.816999999999998
1187,9,592.73,0,2.7819000000000003
1187,10,682.76,0,5.482799999999999
1187,11,432.56,0,12.976799999999999
1187,12,555.38,0,1.6613999999999998
1188,9,157.86,1,1.5786000000000002
1188,10,321.75,1,3.2175000000000002
1188,11,329.62,1,3.2962000000000002
1188,12,174.12,1,1.7412
1189,9,114.3,0,3.429
1189,10,444.99,0,13.3497
1189,11,260.63,0,7.818899999999999
1189,12,311.75,0,9.3525
1190,12,188.8,1,1.8880000000000001
1191,5,395.45,1,3.9545
1191,6,413.32,1,4.1332
1191,7,372.35,1,3.7235000000000005
1191,8,373.52,1,3.7352
1191,9,415.08,1,4.1508
1191,10,543.52,1,5.4352
1191,11,398.14,1,3.9814
1191,12,590.65,1,5.9065
1192,10,407.59,0,12.227699999999999
1192,11,542.78,0,1.2833999999999992
1192,12,557.56,0,1.7267999999999983
1193,7,168.25,0,5.047499999999999
1193,8,221.42,0,6.642599999999999
1193,9,185.12,0,5.5536
1193,10,256.1,0,7.683000000000001
1193,11,129.27,0,3.8781000000000003
1193,12,254.19,0,7.625699999999999
1195,9,133.92,0,4.0176
1195,10,625.53,0,3.765899999999999
1195,11,573.57,0,2.2071000000000014
1195,12,657.63,0,4.728899999999999
1196,1,247.59,1,2.4759
1196,2,488.77,1,4.8877
1196,3,572.9300000000001,1,5.729300000000001
1196,4,462.2,1,4.622
1196,5,404.26,1,4.0426
1196,6,608.0699999999999,1,6.080699999999999
1196,7,531.79,1,5.3179
1196,8,559.76,1,5.5976
1196,9,534.8199999999999,1,5.348199999999999
1196,10,481.13,1,4.8113
1196,11,524.1899999999999,1,5.241899999999999
1196,12,637.96,1,6.379600000000001
1197,11,566.13,0,1.9838999999999998
1197,12,743.91,0,7.317299999999999
1198,9,403.34,0,12.1002
1198,10,338.41,0,10.1523
1198,11,395.21999999999997,0,11.856599999999998
1198,12,257.96999999999997,0,7.739099999999999
1199,8,370.66,1,3.7066000000000003
1199,9,406.62,1,4.0662
1199,10,481.1,1,4.811
1199,11,553.42,1,5.534199999999999
1199,12,410.72,1,4.107200000000001
1200,11,33.76,0,1.0128
1200,12,544.03,0,1.320899999999999
1201,6,239.67000000000002,0,7.1901
1201,7,481.72,0,14.451600000000001
1201,8,593.86,0,2.8158000000000003
1201,9,389.36,0,11.6808
1201,10,429.04,0,12.8712
1201,11,433.66,0,13.0098
1201,12,354.53000000000003,0,10.635900000000001
1202,10,556.18,1,5.5618
1202,11,451.04,1,4.510400000000001
1202,12,528.43,1,5.2843
1203,3,37.39,0,1.1217
1203,4,542.39,0,1.2716999999999996
1203,5,528.58,0,0.8574000000000012
1203,6,419.71,0,12.591299999999999
1203,7,412.85,0,12.3855
1203,8,370.15,0,11.104499999999998
1203,9,507.58000000000004,0,0.2274000000000012
1203,10,636.76,0,4.102799999999999
1203,11,366.48,0,10.9944
1203,12,455.39,0,13.6617
1205,11,229.38,0,6.881399999999999
1205,12,406.04,0,12.1812
1206,7,292.4,0,8.771999999999998
1206,8,278.84,0,8.3652
1206,9,400.93,0,12.027899999999999
1206,10,155.33,0,4.6599
1206,11,296.67,0,8.9001
1206,12,334.28,0,10.0284
1207,12,165.39000000000001,0,4.9617
1208,12,450.75,0,13.522499999999999
1209,8,78.11,0,2.3432999999999997
1209,9,690.66,0,5.719799999999998
1209,10,724.54,0,6.736199999999998
1209,11,694.08,0,5.822400000000001
1209,12,638.27,0,4.1480999999999995
1210,6,469.13,0,14.0739
1210,7,525.55,0,0.7664999999999986
1210,8,492.74,0,14.7822
1210,9,255.85,0,7.6754999999999995
1211,7,160.74,1,1.6074000000000002
1211,8,321.49,1,3.2149
1211,9,310.46999999999997,1,3.1047
1211,10,249.13,1,2.4913
1211,11,294.99,1,2.9499
1211,12,247.79,1,2.4779
1212,7,17.25,0,0.5175
1212,8,275.93,0,8.2779
1212,9,220.43,0,6.6129
1212,10,395.14,0,11.854199999999999
1212,11,292.92,0,8.7876
1212,12,249.59,0,7.4877
1213,11,40.34,1,0.40340000000000004
1213,12,531.6,1,5.316000000000001
1214,1,14.73,1,0.14730000000000001
1214,2,371.34999999999997,1,3.7135
1214,3,366.90999999999997,1,3.6691
1214,4,412.86,1,4.1286000000000005
1214,5,385.48,1,3.8548000000000004
1214,6,426.23,1,4.262300000000001
1214,7,444.37,1,4.4437
1214,8,419.68,1,4.1968000000000005
1214,9,310.92,1,3.1092000000000004
1214,10,460.58,1,4.6058
1214,11,437.94,1,4.3794
1214,12,359.76,1,3.5976
1215,9,282.36,0,8.4708
1215,10,847.52,0,10.4256
1215,11,660.73,0,4.8219
1215,12,1108.45,0,18.2535
1216,9,93.85,0,2.8154999999999997
1216,10,238.68,0,7.1604
1216,11,393.66,0,11.809800000000001
1216,12,326.11,0,9.7833
1217,10,494.12,0,14.823599999999999
1217,11,582.16,0,2.464799999999999
1217,12,545.92,0,1.3775999999999988
1218,12,297.31,0,8.9193
1219,11,577.64,0,2.3291999999999997
1219,12,670.63,0,5.1189
1220,4,114.11,0,3.4233
1220,5,621.77,0,3.6530999999999993
1220,6,453.18,0,13.5954
1220,7,601.67,0,3.0500999999999987
1220,8,518.43,0,0.5528999999999985
1220,9,534.09,0,1.0227000000000008
1220,10,570.5,0,2.1149999999999998
1220,11,457.69,0,13.730699999999999
1220,12,523.18,0,0.6953999999999985
1221,12,100.4,0,3.012
1222,6,12.5,0,0.375
1222,7,658.8100000000001,0,4.764300000000001
1222,8,499.42,0,14.9826
1222,9,536.49,0,1.0947000000000002
1222,10,608.49,0,3.2547
1222,11,585.43,0,2.5628999999999986
1222,12,599.38,0,2.9814
1223,7,599.22,0,2.976600000000001
1223,8,678.65,0,5.359499999999999
1223,9,585.19,0,2.5557000000000016
1223,10,649.18,0,4.475399999999999
1223,11,528.53,0,0.8558999999999991
1223,12,511.91,0,0.35730000000000073
1224,7,253.1,1,2.531
1224,8,251.0,1,2.5100000000000002
1224,9,174.36,1,1.7436000000000003
1224,10,139.18,1,1.3918000000000001
1225,12,441.06,0,13.2318
1226,7,382.93,1,3.8293
1226,8,398.96999999999997,1,3.9896999999999996
1226,9,485.63,1,4.8563
1226,10,434.99,1,4.3499
1226,11,408.38,1,4.0838
1226,12,542.1,1,5.421
1227,12,310.0,0,9.299999999999999
1228,10,174.07,0,5.222099999999999
1228,11,446.48,0,13.3944
1228,12,152.94,0,4.5882
1229,12,99.31,1,0.9931000000000001
1230,12,426.36,1,4.2636
1231,6,377.48,1,3.7748000000000004
1231,7,496.5,1,4.965
1231,8,418.86,1,4.1886
1231,9,551.29,1,5.5129
1231,10,510.45,1,5.1045
1231,11,474.13,1,4.7413
1231,12,529.43,1,5.2943
1232,4,358.91,0,10.7673
1232,5,582.94,0,2.4882000000000017
1232,6,477.95,0,14.3385
1232,7,523.09,0,0.692700000000001
1232,8,574.18,0,2.2253999999999983
1232,9,476.22,0,14.2866
1232,10,489.33,0,14.679899999999998
1232,11,643.06,0,4.2917999999999985
1232,12,611.23,0,3.3369000000000004
1233,10,125.13000000000001,0,3.7539000000000002
1233,11,247.03,0,7.4109
1233,12,286.12,0,8.5836
1234,12,476.41,1,4.7641
1235,11,318.43,0,9.5529
1235,12,137.59,0,4.1277
1236,4,251.98,1,2.5198
1236,5,320.32,1,3.2032
1236,6,404.44,1,4.0444
1236,7,503.74,1,5.0374
1236,8,409.99,1,4.0999
1236,9,593.39,1,5.9339
1236,10,518.78,1,5.1878
1236,11,648.52,1,6.4852
1236,12,556.88,1,5.5688
1237,9,614.9,1,6.149
1237,10,701.3,1,7.013
1237,11,708.85,1,7.088500000000001
1237,12,699.11,1,6.9911
1238,11,394.29,0,11.8287
1238,12,490.62,0,14.7186
1239,10,362.18,0,10.8654
1239,11,524.73,0,0.7419000000000006
1239,12,613.49,0,3.4047
1240,6,169.94,0,5.098199999999999
1240,7,1112.88,0,18.386400000000002
1240,8,1038.8799999999999,0,16.166399999999996
1240,9,1117.8700000000001,0,18.5361
1240,10,1129.04,0,18.871199999999998
1240,11,958.48,0,13.7544
1240,12,1055.41,0,16.662300000000002
1241,9,457.15,0,13.7145
1241,10,696.44,0,5.893200000000001
1241,11,574.87,0,2.2461
1241,12,546.78,0,1.403399999999999
1242,10,236.5,0,7.095
1242,11,247.89,0,7.436699999999999
1242,12,219.84,0,6.5952
1243,10,58.75,0,1.7625
1243,11,468.09,0,14.042699999999998
1243,12,355.2,0,10.655999999999999
1244,11,143.78,0,4.3134
1244,12,144.49,0,4.3347
1245,7,58.71,0,1.7612999999999999
1245,8,242.5,0,7.2749999999999995
1245,9,291.27,0,8.7381
1245,10,319.08,0,9.5724
1245,11,169.36,0,5.0808
1245,12,350.74,0,10.5222
1246,2,581.19,1,5.8119000000000005
1246,3,588.72,1,5.8872
1246,4,634.84,1,6.348400000000001
1246,5,606.76,1,6.0676
1246,6,442.4,1,4.4239999999999995
1246,7,764.71,1,7.647100000000001
1246,8,656.52,1,6.5652
1246,9,305.81,1,3.0581
1247,7,178.31,1,1.7831000000000001
1247,8,397.52,1,3.9752
1247,9,587.47,1,5.874700000000001
1247,10,496.68,1,4.9668
1247,11,532.27,1,5.3227
1247,12,467.0,1,4.67
1248,11,93.71000000000001,0,2.8113
1248,12,908.06,0,12.241799999999998
1249,5,322.36,1,3.2236000000000002
1249,6,476.61,1,4.766100000000001
1249,7,793.52,1,7.9352
1249,8,490.02,1,4.9002
1249,9,489.65,1,4.8965
1249,10,531.08,1,5.3108
1250,10,499.88,1,4.9988
1250,11,538.22,1,5.3822
1250,12,359.07,1,3.5907
1251,3,209.39,0,6.281699999999999
1251,4,463.85,0,13.9155
1251,5,537.47,0,1.1241000000000008
1251,6,423.66,0,12.7098
1251,7,548.64,0,1.4591999999999996
1251,8,581.97,0,2.4591000000000007
1251,9,502.64,0,0.07919999999999959
1251,10,611.37,0,3.3411
1251,11,519.62,0,0.5886000000000001
1251,12,557.74,0,1.7322000000000002
1252,6,258.07,0,7.7421
1252,7,432.41,0,12.9723
1252,8,320.51,0,9.6153
1252,9,421.38,0,12.641399999999999
1252,10,444.4,0,13.331999999999999
1252,11,413.79,0,12.4137
1252,12,460.24,0,13.8072
1253,9,94.68,1,0.9468000000000001
1253,10,144.15,1,1.4415
1253,11,121.98,1,1.2198
1253,12,130.5,1,1.305
1254,8,513.68,0,0.4103999999999985
1254,9,417.2,0,12.516
1254,10,507.26,0,0.21779999999999972
1254,11,532.93,0,0.9878999999999984
1254,12,413.04,0,12.3912
1255,8,589.42,1,5.8942
1255,9,406.13,1,4.0613
1255,10,462.07,1,4.6207
1255,11,612.97,1,6.129700000000001
1255,12,682.7,1,6.827000000000001
1256,9,312.97,0,9.389100000000001
1256,10,475.28,0,14.258399999999998
1256,11,492.51,0,14.7753
1256,12,476.97,0,14.3091
1257,4,156.37,0,4.6911
1257,5,707.77,0,6.233099999999999
1257,6,573.64,0,2.2091999999999996
1257,7,487.95,0,14.638499999999999
1257,8,479.98,0,14.3994
1257,9,562.46,0,1.873800000000001
1257,10,574.61,0,2.2383
1257,11,707.53,0,6.225899999999999
1257,12,605.9,0,3.176999999999999
1258,7,25.86,0,0.7757999999999999
1258,8,30.87,0,0.9261
1258,9,38.14,0,1.1441999999999999
1258,10,110.78,0,3.3234
1258,11,30.78,0,0.9234
1258,12,125.17,0,3.7551
1259,3,153.93,0,4.6179
1259,4,85.25,0,2.5575
1259,5,167.98,0,5.0394
1259,6,113.52000000000001,0,3.4056
1259,7,189.05,0,5.6715
1259,8,189.45,0,5.6834999999999996
1259,9,140.84,0,4.2252
1259,10,92.39999999999999,0,2.772
1259,11,99.09,0,2.9727
1259,12,177.98000000000002,0,5.3394
1260,12,476.27,0,14.288099999999998
1261,2,53.34,0,1.6002
1261,3,286.66,0,8.5998
1261,4,471.89,0,14.156699999999999
1261,5,505.82,0,0.17459999999999978
1261,6,414.98,0,12.4494
1261,7,485.71,0,14.571299999999999
1261,8,454.75,0,13.6425
1261,9,590.3,0,2.7089999999999987
1261,10,566.37,0,1.9911
1261,11,533.77,0,1.0130999999999994
1261,12,550.93,0,1.5278999999999985
1262,12,275.72,0,8.271600000000001
1263,3,312.79,0,9.383700000000001
1263,4,605.54,0,3.1661999999999986
1263,5,528.32,0,0.8496000000000015
1263,6,695.6,0,5.868
1263,7,454.71,0,13.6413
1263,8,578.29,0,2.3486999999999987
1263,9,524.17,0,0.7250999999999987
1263,10,480.21,0,14.406299999999998
1263,11,558.35,0,1.7505000000000006
1263,12,537.24,0,1.1172000000000002
1264,5,317.3,1,3.173
1264,6,409.49,1,4.0949
1264,7,294.78,1,2.9478
1264,8,268.01,1,2.6801
1264,9,361.02,1,3.6102
1264,10,274.59,1,2.7459
1264,11,398.01,1,3.9801
1264,12,341.0,1,3.41
1265,11,93.89,0,2.8167
1265,12,196.17,0,5.8850999999999996
1266,12,303.54,0,9.1062
1267,11,139.07,0,4.1720999999999995
1267,12,1403.13,0,27.0939
1268,3,287.75,0,8.6325
1268,4,585.4,0,2.5619999999999994
1268,5,528.71,0,0.8613000000000011
1268,6,462.4,0,13.871999999999998
1268,7,489.16,0,14.6748
1268,8,467.1,0,14.013
1268,9,414.59000000000003,0,12.437700000000001
1268,10,431.44,0,12.9432
1268,11,621.46,0,3.643800000000001
1268,12,435.68,0,13.0704
1270,9,192.22,1,1.9222000000000001
1270,10,481.87,1,4.8187
1270,11,236.95,1,2.3695
1270,12,264.46,1,2.6446
1271,12,502.74,0,0.08220000000000027
1272,11,28.02,0,0.8405999999999999
1272,12,596.86,0,2.9058
1273,10,198.98,1,1.9898
1273,11,300.2,1,3.002
1273,12,373.64,1,3.7363999999999997
1274,12,308.88,1,3.0888
1276,9,152.35,0,4.5705
1276,10,409.45,0,12.2835
1276,11,408.76,0,12.262799999999999
1276,12,319.17,0,9.5751
1277,4,272.27,0,8.168099999999999
1277,5,725.59,0,6.7677000000000005
1277,6,636.36,0,4.090800000000001
1277,7,664.9399999999999,0,4.948199999999998
1277,8,598.56,0,2.956799999999998
1277,9,775.43,0,8.262899999999998
1277,10,664.6800000000001,0,4.940400000000002
1277,11,675.8100000000001,0,5.274300000000002
1277,12,668.22,0,5.046600000000001
1278,11,260.79,0,7.8237000000000005
1278,12,348.59000000000003,0,10.4577
1279,10,475.36,1,4.7536000000000005
1279,11,441.77,1,4.4177
1279,12,453.52,1,4.5352
1280,6,61.06,0,1.8318
1280,7,471.49,0,14.1447
1280,8,334.02,0,10.0206
1280,9,421.5,0,12.645
1280,10,554.7,0,1.6410000000000013
1280,11,409.68,0,12.2904
1280,12,571.38,0,2.1414
1281,7,83.97,0,2.5191
1281,8,657.58,0,4.727400000000001
1281,9,538.34,0,1.150200000000001
1281,10,422.6,0,12.678
1281,11,666.84,0,5.005200000000001
1281,12,583.9,0,2.516999999999999
1282,11,410.02,1,4.1002
1282,12,435.55,1,4.3555
1283,11,82.48,1,0.8248000000000001
1283,12,855.96,1,8.559600000000001
1284,9,507.94,0,0.2381999999999999
1284,10,679.94,0,5.398200000000001
1284,11,714.69,0,6.440700000000001
1284,12,919.3,0,12.578999999999999
1285,8,313.29,0,9.3987
1285,9,400.15999999999997,0,12.0048
1285,10,325.77,0,9.7731
1285,11,288.51,0,8.655299999999999
1285,12,481.74,0,14.4522
1286,12,425.72,0,12.771600000000001
1287,11,292.34,0,8.770199999999999
1287,12,383.05,0,11.4915
1288,10,268.48,0,8.054400000000001
1288,11,247.03,0,7.4109
1288,12,262.78,0,7.883399999999999
1289,11,413.79,1,4.1379
1289,12,615.04,1,6.150399999999999
1290,11,97.91,0,2.9372999999999996
1290,12,47.38,0,1.4214
1291,4,74.38,0,2.2314
1291,5,529.04,0,0.8711999999999989
1291,6,637.43,0,4.122899999999999
1291,7,611.52,0,3.3455999999999992
1291,8,443.9,0,13.316999999999998
1291,9,578.88,0,2.3663999999999996
1291,10,648.53,0,4.455899999999999
1291,11,487.82,0,14.634599999999999
1291,12,593.5,0,2.8049999999999997
1292,7,106.46000000000001,0,3.1938
1292,8,304.67,0,9.1401
1292,9,262.94,0,7.888199999999999
1292,10,290.79,0,8.723700000000001
1292,11,256.33,0,7.689899999999999
1292,12,132.65,0,3.9795
1293,8,411.23,0,12.3369
1293,9,500.87,0,0.026100000000000137
1293,10,540.52,0,1.2155999999999993
1293,11,512.34,0,0.3702000000000009
1293,12,568.29,0,2.048699999999999
1294,9,136.91,0,4.1072999999999995
1294,10,557.41,0,1.722299999999999
1294,11,233.04,0,6.991199999999999
1295,8,332.71,0,9.9813
1295,9,588.3,0,2.6489999999999987
1295,10,481.77,0,14.4531
1295,11,561.83,0,1.854900000000001
1295,12,422.15999999999997,0,12.664799999999998
1296,10,139.44,1,1.3944
1296,11,279.04,1,2.7904000000000004
1296,12,349.26,1,3.4926
1297,11,87.89999999999999,0,2.6369999999999996
1297,12,98.74,0,2.9621999999999997
1298,12,526.84,0,0.8052000000000009
1299,3,344.14,0,10.3242
1299,4,512.09,0,0.36270000000000097
1299,5,438.94,0,13.168199999999999
1299,6,293.65000000000003,0,8.8095
1299,7,346.38,0,10.391399999999999
1299,8,409.02,0,12.270599999999998
1299,9,376.37,0,11.2911
1299,10,436.62,0,13.0986
1299,11,590.06,0,2.701799999999998
1299,12,413.12,0,12.3936
1300,10,87.02000000000001,0,2.6106000000000003
1300,11,314.19,0,9.425699999999999
1300,12,404.89,0,12.1467
1301,11,147.15,1,1.4715
1301,12,866.84,1,8.6684
1302,9,228.82999999999998,0,6.8649
1302,10,462.21999999999997,0,13.866599999999998
1302,11,449.45,0,13.4835
1302,12,118.92,0,3.5676
1303,12,112.29,1,1.1229
1304,10,32.56,1,0.32560000000000006
1304,11,504.09000000000003,1,5.040900000000001
1304,12,507.47,1,5.0747
1305,5,291.4,0,8.741999999999999
1305,6,423.61,0,12.7083
1305,7,449.77,0,13.493099999999998
1305,8,490.65,0,14.719499999999998
1305,9,461.77,0,13.8531
1305,10,406.14,0,12.184199999999999
1305,11,477.43,0,14.322899999999999
1305,12,467.49,0,14.0247
1306,11,4.6,0,0.13799999999999998
1308,11,44.879999999999995,0,1.3463999999999998
1308,12,423.05,0,12.6915
1309,11,21.71,0,0.6513
1309,12,580.74,0,2.4222
1310,11,14.87,0,0.44609999999999994
1310,12,117.35,0,3.5204999999999997
1311,7,283.78000000000003,1,2.8378000000000005
1311,8,178.84,1,1.7884
1311,9,182.43,1,1.8243
1311,10,207.86,1,2.0786000000000002
1311,11,183.41,1,1.8341
1311,12,261.28,1,2.6127999999999996
1312,3,433.78,0,13.013399999999999
1312,4,272.64,0,8.1792
1312,5,343.49,0,10.3047
1312,6,355.48,0,10.6644
1312,7,337.71,0,10.1313
1312,8,510.36,0,0.3108000000000004
1312,9,401.76,0,12.0528
1312,10,362.11,0,10.8633
1312,11,306.02,0,9.180599999999998
1313,6,323.76,0,9.7128
1313,7,383.06,0,11.4918
1313,8,668.37,0,5.0511
1313,9,545.68,0,1.3703999999999985
1313,10,531.45,0,0.9435000000000013
1313,11,652.64,0,4.579199999999999
1313,12,573.09,0,2.1927000000000008
1314,11,409.65,1,4.0965
1314,12,473.53,1,4.7353
1315,11,240.82,0,7.2246
1315,12,330.75,0,9.9225
1316,5,14.9,0,0.447
1316,6,123.50999999999999,0,3.7052999999999994
1316,7,280.55,0,8.4165
1316,8,255.47,0,7.6640999999999995
1316,9,169.25,0,5.0775
1316,10,213.57,0,6.4071
1316,11,244.88,0,7.346399999999999
1316,12,106.44,0,3.1931999999999996
1317,11,396.78000000000003,1,3.9678000000000004
1317,12,711.59,1,7.115900000000001
1318,9,11.48,0,0.3444
1318,10,359.49,0,10.784699999999999
1318,11,353.84,0,10.615199999999998
1318,12,328.78000000000003,0,9.8634
1320,4,422.54,0,12.6762
1320,5,804.85,0,9.1455
1320,6,812.48,0,9.3744
1320,7,819.73,0,9.5919
1320,8,830.38,0,9.911399999999999
1320,9,836.82,0,10.104600000000001
1320,10,770.13,0,8.1039
1320,11,896.65,0,11.8995
1320,12,1009.29,0,15.278699999999999
1321,6,539.14,0,1.1741999999999995
1321,7,547.4,0,1.4219999999999993
1321,8,393.57,0,11.8071
1321,9,448.16,0,13.4448
1321,10,388.67,0,11.6601
1321,11,490.18,0,14.7054
1321,12,466.27,0,13.9881
1322,8,27.09,0,0.8127
1322,9,109.17,0,3.2751
1322,10,90.15,0,2.7045
1322,11,165.51,0,4.965299999999999
1322,12,127.65,0,3.8295
1323,12,27.03,0,0.8109
1324,4,938.98,0,13.1694
1324,5,948.24,0,13.4472
1324,6,950.65,0,13.519499999999999
1324,7,919.66,0,12.589799999999999
1324,8,953.0600000000001,0,13.591800000000001
1324,9,938.89,0,13.166699999999999
1324,10,1002.85,0,15.0855
1324,11,1234.57,0,22.0371
1324,12,986.15,0,14.584499999999998
1325,11,148.8,0,4.464
1325,12,401.76,0,12.0528
1326,7,530.92,0,0.9275999999999988
1326,8,966.7,0,14.001000000000001
1326,9,791.82,0,8.754600000000002
1326,10,781.82,0,8.454600000000001
1326,11,944.47,0,13.334100000000001
1326,12,992.16,0,14.7648
1327,8,151.94,0,4.558199999999999
1327,9,348.55,0,10.4565
1327,10,450.02,0,13.500599999999999
1327,11,532.38,0,0.9713999999999998
1327,12,551.77,0,1.5530999999999995
1328,4,116.55,0,3.4964999999999997
1328,5,755.1899999999999,0,7.655699999999998
1328,6,789.26,0,8.6778
1328,7,850.55,0,10.516499999999999
1328,8,570.58,0,2.1174000000000013
1328,9,565.18,0,1.9553999999999985
1328,10,773.01,0,8.190299999999999
1328,11,751.27,0,7.538099999999999
1328,12,828.58,0,9.8574
1329,8,141.75,1,1.4175
1329,9,1154.3,1,11.543
1329,10,1111.56,1,11.115599999999999
1329,11,1107.73,1,11.077300000000001
1329,12,1292.09,1,12.9209
1330,11,413.65,1,4.1365
1330,12,477.08,1,4.7708
1331,8,380.61,0,11.4183
1331,9,379.26,0,11.377799999999999
1331,10,284.28,0,8.5284
1331,11,264.46999999999997,0,7.934099999999999
1331,12,343.1,0,10.293000000000001
1332,8,252.64,0,7.579199999999999
1332,9,294.71,0,8.841299999999999
1332,10,255.67000000000002,0,7.670100000000001
1332,11,321.0,0,9.629999999999999
1332,12,239.10999999999999,0,7.173299999999999
1333,11,60.800000000000004,1,0.6080000000000001
1333,12,397.31,1,3.9731
1334,3,125.89,0,3.7767
1334,4,726.81,0,6.804299999999998
1334,5,970.37,0,14.1111
1334,6,527.7,0,0.8310000000000013
1334,7,926.36,0,12.790799999999999
1334,8,816.21,0,9.4863
1334,9,784.38,0,8.5314
1334,10,764.97,0,7.9491000000000005
1334,11,946.6,0,13.398
1334,12,984.45,0,14.5335
1335,6,221.83,0,6.6549000000000005
1335,7,430.06,0,12.9018
1335,8,499.08,0,14.972399999999999
1335,9,422.98,0,12.689400000000001
1335,10,307.12,0,9.2136
1335,11,525.36,0,0.7608000000000004
1335,12,418.81,0,12.5643
1336,4,502.27,0,0.06809999999999945
1336,5,522.16,0,0.6647999999999991
1336,6,892.64,0,11.7792
1336,7,813.64,0,9.409199999999998
1336,8,546.23,0,1.3869000000000005
1336,9,520.12,0,0.6036000000000001
1336,10,684.49,0,5.5347
1336,11,710.44,0,6.313200000000001
1336,12,658.53,0,4.755899999999999
1337,11,317.71,0,9.5313
1337,12,661.58,0,4.847400000000001
1338,8,352.4,0,10.572
1338,9,566.61,0,1.9983000000000004
1338,10,611.13,0,3.3339
1338,11,740.35,0,7.210500000000001
1338,12,443.82,0,13.314599999999999
1339,5,24.130000000000003,0,0.7239000000000001
1339,6,27.08,0,0.8123999999999999
1339,7,28.18,0,0.8453999999999999
1339,8,39.06,0,1.1718
1339,9,1.2,0,0.036
1339,10,33.72,0,1.0115999999999998
1339,11,9.38,0,0.28140000000000004
1339,12,16.28,0,0.4884
1340,8,43.28,0,1.2984
1340,9,488.64,0,14.659199999999998
1340,10,411.25,0,12.3375
1340,11,590.98,0,2.7294000000000005
1340,12,493.47,0,14.8041
1341,10,437.11,0,13.1133
1341,11,653.24,0,4.5972
1341,12,630.58,0,3.917400000000001
1342,12,460.45,0,13.8135
1343,8,108.14,0,3.2441999999999998
1343,9,416.63,0,12.498899999999999
1343,10,401.35,0,12.0405
1343,11,399.51,0,11.985299999999999
1343,12,449.67,0,13.4901
1344,12,39.14,0,1.1742
1345,10,189.66,0,5.6898
1345,11,453.33,0,13.5999
1345,12,558.26,0,1.7477999999999996
1346,4,63.36,1,0.6336
1346,5,233.72,1,2.3372
1346,6,284.82,1,2.8482
1346,7,390.14,1,3.9013999999999998
1346,8,345.39,1,3.4539
1346,9,398.6,1,3.986
1346,10,429.44,1,4.2944
1346,11,235.14999999999998,1,2.3514999999999997
1346,12,325.55,1,3.2555
1347,7,23.22,1,0.2322
1347,8,467.31,1,4.6731
1347,9,461.83,1,4.6183
1347,10,396.98,1,3.9698
1347,11,399.22,1,3.9922000000000004
1347,12,389.1,1,3.8910000000000005
1348,10,502.5,0,0.075
1348,11,721.86,0,6.6558
1348,12,711.07,0,6.332100000000001
1350,11,166.93,0,5.0079
1350,12,668.85,0,5.0655
1351,10,47.94,1,0.4794
1351,11,126.36,1,1.2636
1351,12,114.99000000000001,1,1.1499000000000001
1352,9,564.64,1,5.6464
1352,10,555.21,1,5.5521
1352,11,652.64,1,6.5264
1352,12,608.86,1,6.0886000000000005
1353,5,92.99,0,2.7897
1353,6,396.79,0,11.9037
1353,7,366.65999999999997,0,10.999799999999999
1353,8,319.17,0,9.5751
1353,9,422.83,0,12.684899999999999
1353,10,472.18,0,14.1654
1353,11,289.44,0,8.6832
1353,12,341.41,0,10.2423
1354,8,171.79,1,1.7179
1354,9,433.83,1,4.3383
1354,10,471.02,1,4.7101999999999995
1354,11,452.83,1,4.5283
1354,12,510.21000000000004,1,5.1021
1355,10,423.57,0,12.707099999999999
1355,11,579.27,0,2.3780999999999994
1355,12,543.55,0,1.3064999999999987
1356,9,43.66,0,1.3097999999999999
1356,10,188.64000000000001,0,5.6592
1356,11,171.58,0,5.1474
1356,12,211.39000000000001,0,6.3417
1357,5,15.14,0,0.4542
1357,6,485.02,0,14.5506
1357,7,596.18,0,2.8853999999999984
1357,8,503.95,0,0.11849999999999966
1357,9,450.21,0,13.5063
1357,10,49.04,0,1.4711999999999998
1358,4,54.41,0,1.6322999999999999
1358,5,504.64,0,0.13919999999999957
1358,6,383.13,0,11.4939
1358,7,347.52,0,10.4256
1358,8,471.37,0,14.1411
1358,9,316.93,0,9.5079
1358,10,423.12,0,12.6936
1358,11,421.83,0,12.6549
1358,12,16.95,0,0.5085
1359,2,248.3,0,7.449
1359,3,455.55,0,13.6665
1359,4,476.6,0,14.298
1359,5,478.81,0,14.3643
1359,6,445.21,0,13.3563
1359,7,449.44,0,13.4832
1359,8,420.1,0,12.603
1359,9,326.72,0,9.8016
1359,10,407.28,0,12.218399999999999
1359,11,340.69,0,10.220699999999999
1359,12,419.09,0,12.5727
1360,12,775.14,0,8.254199999999999
1361,6,360.59999999999997,0,10.817999999999998
1361,7,358.73,0,10.7619
1361,8,331.82,0,9.9546
1361,9,322.39,0,9.6717
1361,10,396.57,0,11.8971
1361,11,355.36,0,10.6608
1361,12,478.26,0,14.3478
1362,1,278.85,0,8.3655
1362,2,712.67,0,6.380099999999999
1362,3,739.05,0,7.171499999999998
1362,4,549.76,0,1.4927999999999997
1362,5,531.98,0,0.9594000000000005
1362,6,475.02,0,14.250599999999999
1362,7,855.03,0,10.650899999999998
1362,8,618.62,0,3.5586
1362,9,587.53,0,2.6258999999999992
1362,10,615.41,0,3.462299999999999
1362,11,656.84,0,4.7052000000000005
1362,12,613.79,0,3.4136999999999986
1363,9,286.37,1,2.8637
1363,10,307.09,1,3.0709
1363,11,245.75,1,2.4575
1363,12,247.25,1,2.4725
1364,8,186.23,0,5.586899999999999
1364,9,392.99,0,11.7897
1364,10,310.25,0,9.3075
1364,11,388.90000000000003,0,11.667
1364,12,331.98,0,9.9594
1365,6,272.47,0,8.174100000000001
1365,7,964.0600000000001,0,13.921800000000001
1365,8,1043.18,0,16.2954
1365,9,1066.08,0,16.9824
1365,10,1135.22,0,19.0566
1365,11,1035.49,0,16.0647
1365,12,1224.51,0,21.7353
1366,8,255.4,0,7.662
1366,9,544.59,0,1.337700000000001
1366,10,581.08,0,2.4324000000000012
1366,11,593.14,0,2.7941999999999996
1366,12,651.64,0,4.549199999999999
1367,7,27.13,0,0.8139
1367,8,147.37,0,4.4211
1367,9,95.36,0,2.8608
1367,10,158.19,0,4.745699999999999
1367,11,97.13,0,2.9139
1367,12,157.57,0,4.727099999999999
1368,5,274.97,1,2.7497000000000003
1368,6,679.95,1,6.799500000000001
1368,7,396.81,1,3.9681
1368,8,513.86,1,5.1386
1368,9,490.54,1,4.9054
1368,10,444.85,1,4.4485
1368,11,505.99,1,5.0599
1368,12,527.16,1,5.271599999999999
1369,11,147.62,0,4.4286
1369,12,366.02,0,10.980599999999999
1370,9,426.1,1,4.261
1370,10,602.26,1,6.0226
1370,11,511.45,1,5.1145
1370,12,671.37,1,6.7137
1371,10,4.63,0,0.1389
1371,11,416.36,0,12.4908
1371,12,413.77,0,12.413099999999998
1372,12,384.08,0,11.5224
1373,9,375.27,1,3.7527
1373,10,738.13,1,7.3813
1373,11,757.85,1,7.5785
1373,12,649.94,1,6.4994000000000005
1374,4,25.619999999999997,0,0.7686
1374,5,369.87,0,11.0961
1374,6,391.13,0,11.7339
1374,7,356.86,0,10.7058
1374,8,255.84,0,7.6752
1374,9,261.78,0,7.853399999999999
1374,10,239.03,0,7.1709
1374,11,297.53,0,8.925899999999999
1374,12,252.79,0,7.583699999999999
1375,12,259.3,0,7.779
1376,11,451.01,1,4.5101
1376,12,506.06,1,5.0606
1377,7,148.86,0,4.465800000000001
1377,8,445.32,0,13.359599999999999
1377,9,402.9,0,12.087
1377,10,549.51,0,1.4852999999999996
1377,11,316.8,0,9.504
1377,12,342.86,0,10.2858
1379,11,243.92000000000002,0,7.3176000000000005
1379,12,1018.52,0,15.555599999999998
1380,9,380.94,1,3.8094
1380,10,503.8,1,5.038
1380,11,400.17,1,4.0017000000000005
1380,12,539.92,1,5.3991999999999996
1381,9,143.16,0,4.2947999999999995
1381,10,478.4,0,14.351999999999999
1381,11,421.53,0,12.6459
1381,12,481.99,0,14.4597
1382,6,298.40999999999997,1,2.9840999999999998
1382,7,1029.27,1,10.2927
1382,8,1208.6,1,12.085999999999999
1382,9,1159.29,1,11.5929
1382,10,934.72,1,9.3472
1382,11,1026.64,1,10.2664
1382,12,1222.37,1,12.2237
1383,10,227.18,1,2.2718000000000003
1383,11,478.05,1,4.7805
1383,12,433.02,1,4.3302
1384,6,170.08,1,1.7008
1384,7,202.24,1,2.0224
1384,8,217.19,1,2.1719
1384,9,232.53,1,2.3253
1384,10,299.41,1,2.9941000000000004
1384,11,189.85,1,1.8985
1384,12,217.41,1,2.1741
1385,3,70.28,0,2.1084
1385,4,587.32,0,2.6196000000000015
1385,5,517.61,0,0.5283000000000004
1385,6,490.43,0,14.7129
1385,7,446.51,0,13.395299999999999
1385,8,282.4,0,8.472
1385,9,388.56,0,11.6568
1385,10,450.82,0,13.5246
1385,11,328.96,0,9.868799999999998
1385,12,530.52,0,0.9155999999999994
1386,11,221.25,0,6.6375
1386,12,252.68,0,7.5804
1387,8,360.36,0,10.8108
1387,9,453.84999999999997,0,13.615499999999999
1387,10,485.69,0,14.570699999999999
1387,11,620.53,0,3.615899999999999
1387,12,440.52,0,13.215599999999998
1388,12,282.31,1,2.8231
1389,5,392.85,1,3.9285
1389,6,564.36,1,5.6436
1389,7,461.55,1,4.6155
1389,8,360.09,1,3.6008999999999998
1389,9,436.68,1,4.3668000000000005
1389,10,488.33,1,4.8833
1389,11,370.31,1,3.7031
1389,12,506.22,1,5.062200000000001
1390,4,342.56,1,3.4256
1390,5,585.25,1,5.8525
1390,6,520.37,1,5.2037
1390,7,660.27,1,6.6027
1390,8,473.11,1,4.7311000000000005
1390,9,627.53,1,6.2753
1390,10,628.93,1,6.2893
1390,11,571.45,1,5.7145
1390,12,616.02,1,6.1602
1391,9,371.18,1,3.7118
1391,10,629.43,1,6.2943
1391,11,589.92,1,5.8991999999999996
1391,12,404.28000000000003,1,4.042800000000001
1392,7,192.33,0,5.7699
1392,8,297.76,0,8.932799999999999
1392,9,179.2,0,5.3759999999999994
1392,10,307.92,0,9.2376
1392,11,342.12,0,10.2636
1392,12,307.79,0,9.2337
1393,10,68.65,0,2.0595
1393,11,788.37,0,8.6511
1393,12,843.13,0,10.293899999999999
1394,9,103.63,0,3.1088999999999998
1394,10,340.37,0,10.2111
1394,11,224.35,0,6.730499999999999
1394,12,398.08,0,11.9424
1395,12,246.33,1,2.4633000000000003
1396,8,239.34,0,7.1802
1396,9,288.65,0,8.6595
1396,10,279.61,0,8.388300000000001
1396,11,257.95,0,7.738499999999999
1397,6,753.72,0,7.6116
1397,7,873.03,0,11.1909
1397,8,723.64,0,6.709199999999999
1397,9,780.12,0,8.403599999999999
1397,10,738.86,0,7.1658
1397,11,592.11,0,2.7633
1397,12,896.63,0,11.8989
1398,10,54.31,0,1.6293
1398,11,327.61,0,9.8283
1398,12,414.92,0,12.4476
1399,6,239.89,0,7.196699999999999
1399,7,287.26,0,8.617799999999999
1399,8,344.89,0,10.346699999999998
1399,9,286.98,0,8.6094
1399,10,275.94,0,8.2782
1399,11,277.85,0,8.3355
1399,12,246.2,0,7.385999999999999
1400,3,322.05,0,9.6615
1400,4,457.29,0,13.7187
1400,5,478.37,0,14.351099999999999
1400,6,450.34,0,13.5102
1400,7,365.08,0,10.952399999999999
1400,8,500.47,0,0.014100000000000818
1400,9,516.54,0,0.49619999999999886
1400,10,520.73,0,0.6219000000000006
1400,11,550.78,0,1.5233999999999992
1400,12,496.13,0,14.883899999999999
1401,8,74.66,1,0.7465999999999999
1401,9,618.01,1,6.1801
1401,10,432.32,1,4.3232
1401,11,643.91,1,6.4391
1401,12,596.26,1,5.9626
1402,9,147.89000000000001,0,4.4367
1402,10,299.13,0,8.973899999999999
1402,11,294.54,0,8.8362
1402,12,372.04,0,11.161200000000001
1403,3,66.05,1,0.6605
1403,4,174.94,1,1.7494
1403,5,229.46,1,2.2946
1403,6,243.26,1,2.4326
1403,7,126.59,1,1.2659
1403,8,210.78,1,2.1078
1403,9,203.03,1,2.0303
1403,10,200.04,1,2.0004
1403,11,204.45,1,2.0444999999999998
1403,12,219.32,1,2.1932
1404,8,417.92,0,12.5376
1404,9,535.16,0,1.054799999999999
1404,10,628.06,0,3.8417999999999983
1404,11,559.77,0,1.7930999999999995
1404,12,526.35,0,0.7905000000000006
1405,6,67.11,1,0.6711
1405,7,175.67,1,1.7567
1405,8,109.92,1,1.0992
1405,9,158.41,1,1.5841
1405,10,174.09,1,1.7409000000000001
1405,11,154.48,1,1.5448
1405,12,131.77,1,1.3177
1406,3,33.43,0,1.0029
1406,4,338.98,0,10.1694
1406,5,314.34,0,9.4302
1406,6,353.63,0,10.6089
1406,7,401.83,0,12.0549
1406,8,402.84000000000003,0,12.0852
1406,9,440.54,0,13.2162
1406,10,430.75,0,12.9225
1406,11,424.0,0,12.719999999999999
1406,12,369.65,0,11.0895
1407,11,0.0,1,0.0
1407,12,185.3,1,1.8530000000000002
1408,2,419.84999999999997,0,12.595499999999998
1408,3,497.38,0,14.921399999999998
1408,4,402.21,0,12.066299999999998
1408,5,425.25,0,12.7575
1408,6,380.25,0,11.407499999999999
1408,7,462.15,0,13.8645
1408,8,363.51,0,10.905299999999999
1408,9,383.78000000000003,0,11.5134
1408,10,526.34,0,0.7902000000000009
1408,11,376.71999999999997,0,11.301599999999999
1408,12,460.29,0,13.8087
1409,10,285.51,1,2.8550999999999997
1409,11,254.06,1,2.5406
1409,12,282.97,1,2.8297000000000003
1410,10,425.78,0,12.773399999999999
1410,11,359.74,0,10.7922
1410,12,525.31,0,0.7592999999999983
1411,8,239.84,0,7.1952
1411,9,386.27,0,11.588099999999999
1411,10,468.17,0,14.0451
1411,11,392.1,0,11.763
1411,12,523.12,0,0.6936000000000001
1412,6,377.24,1,3.7724
1412,7,1123.11,1,11.2311
1412,8,868.99,1,8.6899
1412,9,1080.29,1,10.8029
1412,10,960.29,1,9.6029
1412,11,874.71,1,8.747100000000001
1412,12,907.19,1,9.071900000000001
1413,12,320.28,0,9.6084
1414,8,3.9,0,0.11699999999999999
1414,9,435.32,0,13.0596
1414,10,512.78,0,0.3833999999999992
1414,11,263.67,0,7.9101
1414,12,427.21999999999997,0,12.8166
1415,7,560.92,0,1.8275999999999988
1415,8,418.5,0,12.555
1415,9,362.40999999999997,0,10.8723
1415,10,516.92,0,0.5075999999999987
1415,11,504.69,0,0.14069999999999994
1415,12,464.82,0,13.9446
1416,10,341.7,0,10.251
1416,11,369.44,0,11.0832
1416,12,376.45,0,11.2935
1417,6,202.68,1,2.0268
1417,7,612.78,1,6.1278
1417,8,670.01,1,6.7001
1417,9,513.05,1,5.1305
1417,10,637.78,1,6.3778
1417,11,726.12,1,7.2612000000000005
1417,12,588.11,1,5.8811
1418,8,92.41,0,2.7723
1418,9,228.48999999999998,0,6.854699999999999
1418,10,223.31,0,6.6993
1418,11,219.03,0,6.5709
1418,12,279.32,0,8.3796
1419,11,193.51999999999998,0,5.805599999999999
1419,12,792.39,0,8.7717
1420,7,42.73,1,0.42729999999999996
1420,8,396.47,1,3.9647000000000006
1420,9,313.91,1,3.1391000000000004
1420,10,279.19,1,2.7919
1420,11,277.62,1,2.7762000000000002
1420,12,299.28000000000003,1,2.9928000000000003
1421,10,117.79,0,3.5337
1421,11,417.71,0,12.531299999999998
1421,12,386.28,0,11.588399999999998
1422,10,155.87,1,1.5587
1422,11,363.34000000000003,1,3.6334000000000004
1422,12,308.19,1,3.0819
1423,10,174.76,0,5.2428
1423,11,53.36,0,1.6008
1424,11,19.9,1,0.19899999999999998
1424,12,742.54,1,7.4254
1425,9,77.91,0,2.3373
1425,10,219.26000000000002,0,6.577800000000001
1425,11,180.73,0,5.421899999999999
1425,12,207.42000000000002,0,6.2226
1426,11,288.3,1,2.883
1426,12,582.56,1,5.8256
1427,5,250.6,1,2.506
1427,6,288.68,1,2.8868
1427,7,290.83,1,2.9083
1427,8,318.91,1,3.1891000000000003
1427,9,297.04,1,2.9704
1427,10,214.77,1,2.1477
1427,11,337.6,1,3.3760000000000003
1427,12,364.36,1,3.6436
1428,10,214.28,0,6.4284
1428,11,537.22,0,1.1166000000000007
1428,12,616.94,0,3.5082000000000013
1429,12,121.81,0,3.6543
1430,12,520.3199999999999,0,0.609599999999998
1431,10,17.34,0,0.5202
1431,11,402.08,0,12.062399999999998
1431,12,633.95,0,4.018500000000001
1432,10,614.32,1,6.1432
1432,11,684.52,1,6.8452
1432,12,479.98,1,4.7998
1433,9,173.29,1,1.7328999999999999
1433,10,525.37,1,5.2537
1433,11,554.93,1,5.5493
1433,12,642.14,1,6.4214
1434,3,303.85,0,9.1155
1434,4,366.96,0,11.008799999999999
1434,5,442.99,0,13.2897
1434,6,439.76,0,13.1928
1434,7,488.6,0,14.658
1434,8,344.68,0,10.3404
1434,9,423.89,0,12.7167
1434,10,441.92,0,13.2576
1434,11,494.37,0,14.8311
1434,12,384.69,0,11.5407
1435,9,76.59,1,0.7659
1435,10,286.76,1,2.8676
1435,11,155.41,1,1.5541
1435,12,288.77,1,2.8876999999999997
1436,8,104.09,1,1.0409000000000002
1436,9,595.9,1,5.959
1436,10,440.46,1,4.4046
1436,11,489.79,1,4.8979
1436,12,452.66,1,4.5266
1437,11,444.63,0,13.338899999999999
1437,12,701.41,0,6.042299999999999
1438,9,68.1,0,2.0429999999999997
1438,10,457.68,0,13.7304
1438,11,263.09,0,7.892699999999999
1438,12,351.42,0,10.5426
1439,5,275.12,0,8.2536
1439,6,355.51,0,10.665299999999998
1439,7,288.43,0,8.6529
1439,8,327.51,0,9.825299999999999
1439,9,285.14,0,8.5542
1439,10,294.26,0,8.8278
1439,11,325.42,0,9.7626
1439,12,223.46,0,6.7038
1440,5,18.13,0,0.5438999999999999
1440,6,676.66,0,5.2997999999999985
1440,7,636.61,0,4.0983
1440,8,664.11,0,4.9233
1440,9,637.45,0,4.123500000000001
1440,10,505.35,0,0.16050000000000067
1440,11,724.92,0,6.7475999999999985
1440,12,582.72,0,2.4816000000000007
1441,11,325.75,1,3.2575000000000003
1441,12,929.59,1,9.295900000000001
1442,12,225.22,1,2.2522
1443,11,176.93,0,5.3079
1443,12,725.91,0,6.7772999999999985
1444,8,106.11,0,3.1833
1444,9,142.56,0,4.2768
1444,10,190.11,0,5.7033000000000005
1444,11,154.26,0,4.6278
1444,12,178.93,0,5.3679
1445,3,190.4,1,1.9040000000000001
1445,4,382.42,1,3.8242000000000003
1445,5,231.01,1,2.3101
1445,6,502.26,1,5.0226
1445,7,418.49,1,4.1849
1445,8,388.24,1,3.8824
1445,9,247.97,1,2.4797000000000002
1446,9,217.3,0,6.519
1446,10,313.95,0,9.4185
1446,11,390.59,0,11.717699999999999
1446,12,422.36,0,12.6708
1447,10,164.89000000000001,0,4.9467
1447,11,457.06,0,13.7118
1447,12,524.33,0,0.7299000000000012
1448,10,132.69,0,3.9806999999999997
1448,11,224.46,0,6.7338
1448,12,214.29,0,6.428699999999999
1449,10,355.09,0,10.6527
1449,11,275.79,0,8.2737
1449,12,200.01,0,6.000299999999999
1450,12,649.1,1,6.4910000000000005
1451,8,221.99,1,2.2199
1451,9,539.74,1,5.3974
1451,10,453.87,1,4.5387
1451,11,567.18,1,5.671799999999999
1451,12,402.16,1,4.0216
1452,12,34.58,0,1.0373999999999999
1453,11,285.8,1,2.858
1453,12,251.44,1,2.5144
1454,7,22.11,1,0.2211
1454,8,287.94,1,2.8794
1454,9,188.93,1,1.8893000000000002
1454,10,246.17000000000002,1,2.4617
1454,11,258.09,1,2.5808999999999997
1454,12,248.96,1,2.4896000000000003
1455,11,502.94,0,0.08819999999999993
1455,12,56.58,0,1.6973999999999998
1456,6,383.42,1,3.8342
1456,7,620.08,1,6.200800000000001
1456,8,409.56,1,4.0956
1456,9,478.32,1,4.7832
1456,10,285.35,1,2.8535000000000004
1456,11,403.7,1,4.037
1456,12,378.52,1,3.7851999999999997
1457,12,79.36,0,2.3808
1458,7,13.95,1,0.13949999999999999
1458,8,205.85,1,2.0585
1458,9,149.23000000000002,1,1.4923000000000002
1458,10,153.41,1,1.5341
1458,11,229.94,1,2.2994
1458,12,113.05,1,1.1305
1459,11,440.11,1,4.4011000000000005
1459,12,702.61,1,7.0261000000000005
1460,5,49.43,1,0.4943
1460,6,344.46,1,3.4446
1460,7,381.65,1,3.8165
1460,8,465.08,1,4.6508
1460,9,346.04,1,3.4604000000000004
1460,10,387.74,1,3.8774
1460,11,290.85,1,2.9085
1460,12,366.12,1,3.6612
1461,9,102.94,0,3.0881999999999996
1461,10,379.05,0,11.3715
1461,11,294.11,0,8.8233
1461,12,275.16,0,8.254800000000001
1462,10,278.61,1,2.7861000000000002
1462,11,322.92,1,3.2292
1462,12,421.54,1,4.215400000000001
1464,11,500.51,0,0.015299999999999727
1464,12,593.44,0,2.8032000000000017
1465,6,177.89,1,1.7789
1465,7,711.45,1,7.1145000000000005
1465,8,648.24,1,6.4824
1465,9,695.4,1,6.954
1465,10,631.52,1,6.3152
1465,11,863.42,1,8.6342
1465,12,715.49,1,7.1549000000000005
1466,5,47.849999999999994,0,1.4354999999999998
1466,6,195.2,0,5.856
1466,7,118.49,0,3.5546999999999995
1466,8,158.91,0,4.7673
1466,9,182.52,0,5.4756
1466,10,223.58,0,6.7074
1466,11,186.64,0,5.5992
1466,12,242.33,0,7.2699
1467,4,222.93,1,2.2293000000000003
1467,5,310.49,1,3.1049
1467,6,383.02,1,3.8302
1467,7,493.81,1,4.9381
1467,8,356.33,1,3.5633
1467,9,387.9,1,3.879
1467,10,357.94,1,3.5794
1467,11,389.63,1,3.8963
1467,12,459.35,1,4.593500000000001
1468,9,397.73,0,11.9319
1468,10,411.4,0,12.341999999999999
1468,11,385.27,0,11.5581
1468,12,480.18,0,14.4054
1469,11,68.00999999999999,0,2.0403
1469,12,222.76,0,6.682799999999999
1470,5,228.84,0,6.8652
1470,6,534.94,0,1.0482000000000016
1470,7,488.4,0,14.652
1470,8,547.38,0,1.4213999999999998
1470,9,441.96,0,13.258799999999999
1470,10,408.56,0,12.2568
1470,11,575.09,0,2.252700000000001
1470,12,560.44,0,1.8132000000000015
1471,10,134.04,0,4.021199999999999
1471,11,28.660000000000004,0,0.8598000000000001
1472,4,450.84000000000003,0,13.5252
1472,5,578.91,0,2.367299999999999
1472,6,623.53,0,3.705899999999999
1472,7,608.58,0,3.257400000000001
1472,8,539.72,0,1.1916000000000009
1472,9,464.86,0,13.9458
1472,10,280.54,0,8.4162
1474,8,92.62,0,2.7786
1474,9,222.5,0,6.675
1474,10,235.13,0,7.0539
1474,11,242.96,0,7.2888
1474,12,267.54,0,8.026200000000001
1475,7,122.11,1,1.2211
1475,8,297.74,1,2.9774000000000003
1475,9,273.56,1,2.7356000000000003
1475,10,280.63,1,2.8063
1475,11,329.86,1,3.2986000000000004
1475,12,236.12,1,2.3612
1476,6,209.95000000000002,1,2.0995000000000004
1476,7,416.66,1,4.166600000000001
1476,8,276.22,1,2.7622000000000004
1476,9,344.24,1,3.4424
1476,10,402.36,1,4.0236
1476,11,388.76,1,3.8876
1476,12,360.83,1,3.6083
1477,10,45.87,1,0.4587
1477,11,321.88,1,3.2188
1477,12,243.0,1,2.43
1478,8,211.28,1,2.1128
1478,9,392.92,1,3.9292000000000002
1478,10,320.81,1,3.2081
1478,11,367.56,1,3.6756
1478,12,353.27,1,3.5326999999999997
1479,11,491.69,0,14.7507
1479,12,1036.13,0,16.083900000000003
1480,12,511.51,0,0.3452999999999997
1481,12,33.19,0,0.9956999999999999
1482,11,733.14,1,7.3314
1482,12,53.480000000000004,1,0.5348
1483,4,106.5,0,3.195
1483,5,387.45,0,11.6235
1483,6,428.06,0,12.8418
1483,7,610.7,0,3.321000000000001
1483,8,391.42,0,11.7426
1483,9,446.83,0,13.4049
1483,10,433.7,0,13.011
1483,11,389.62,0,11.6886
1484,11,9.73,0,0.2919
1484,12,338.87,0,10.1661
1485,12,281.81,0,8.4543
1486,12,326.41,0,9.792300000000001
1487,12,392.71,1,3.9271
1488,5,279.39,0,8.381699999999999
1488,6,643.15,0,4.294499999999999
1488,7,589.73,0,2.6919000000000004
1488,8,642.25,0,4.2675
1488,9,578.46,0,2.353800000000001
1488,10,669.51,0,5.085299999999999
1488,11,751.66,0,7.5497999999999985
1488,12,678.14,0,5.344199999999999
1489,9,298.31,0,8.9493
1489,10,492.7,0,14.780999999999999
1489,11,329.53,0,9.8859
1489,12,370.59,0,11.1177
1490,7,120.5,1,1.205
1490,8,488.29,1,4.8829
1490,9,501.19,1,5.0119
1490,10,238.28,1,2.3828
1490,11,350.68,1,3.5068
1490,12,347.35,1,3.4735000000000005
1491,4,40.45,0,1.2135
1491,5,409.06,0,12.271799999999999
1491,6,373.47,0,11.2041
1491,7,437.33,0,13.1199
1491,8,362.1,0,10.863
1491,9,338.98,0,10.1694
1491,10,551.89,0,1.5566999999999995
1491,11,389.93,0,11.6979
1491,12,374.02,0,11.2206
1492,9,28.07,0,0.8421
1492,10,303.39,0,9.1017
1492,11,395.18,0,11.8554
1492,12,276.82,0,8.304599999999999
1493,8,349.56,1,3.4956
1493,9,479.18,1,4.7918
1493,10,372.46,1,3.7245999999999997
1493,11,472.15000000000003,1,4.721500000000001
1493,12,446.28,1,4.4628
1494,7,299.83,0,8.9949
1494,8,431.04,0,12.9312
1494,9,459.02,0,13.770599999999998
1494,10,585.82,0,2.5746000000000016
1494,11,473.23,0,14.1969
1494,12,396.19,0,11.8857
1495,9,283.46,0,8.503799999999998
1495,10,552.85,0,1.5855000000000006
1495,11,337.45,0,10.1235
1495,12,467.46999999999997,0,14.024099999999999
1496,8,114.62,0,3.4386
1496,9,389.94,0,11.6982
1496,10,301.16,0,9.0348
1496,11,291.88,0,8.7564
1496,12,278.61,0,8.3583
1497,12,276.53,1,2.7653
1498,2,231.87,0,6.9561
1498,3,247.72,0,7.4315999999999995
1498,4,344.18,0,10.3254
1498,5,275.13,0,8.2539
1498,6,225.57,0,6.767099999999999
1498,7,304.49,0,9.1347
1498,8,244.57,0,7.3370999999999995
1498,9,344.62,0,10.3386
1498,10,278.06,0,8.3418
1498,11,208.99,0,6.2697
1498,12,324.77,0,9.743099999999998
1499,9,330.37,0,9.9111
1499,10,363.28000000000003,0,10.8984
1499,11,288.56,0,8.6568
1499,12,468.1,0,14.043000000000001
