user_id,month,mb_used,plan_encoded,totalcost
1000,12,1901.47,1,13.31029
1001,8,6919.15,0,6.41915
1001,9,13314.82,0,12.81482
1001,10,22330.49,0,21.83049
1001,11,18504.3,0,18.0043
1001,12,19369.18,0,18.86918
1002,10,6552.01,0,6.05201
1002,11,19345.08,0,18.845080000000003
1002,12,14396.24,0,13.89624
1003,12,24600.829999999998,0,24.10083
1004,5,6547.21,0,6.04721
1004,6,20672.82,0,20.17282
1004,7,24516.62,0,24.01662
1004,8,27981.739999999998,0,27.48174
1004,9,18852.72,0,18.35272
1004,10,14541.63,0,14.04163
1004,11,21850.78,0,21.35078
1004,12,21389.29,0,20.889290000000003
1005,12,17140.17,0,16.640169999999998
1006,11,2068.37,1,14.478589999999999
1006,12,29559.08,1,185.91356000000002
1007,8,22051.53,0,21.55153
1007,9,28123.95,0,27.62395
1007,10,36637.41,0,36.13741
1007,11,24334.0,0,23.834
1007,12,27786.45,0,27.286450000000002
1008,10,17106.989999999998,1,98.74892999999999
1008,11,23676.72,1,144.73704
1008,12,14689.33,1,81.82531
1009,5,18852.91,0,18.35291
1009,6,17614.34,0,17.114340000000002
1009,7,30421.65,0,29.921650000000003
1009,8,24557.52,0,24.05752
1009,9,20962.4,0,20.462400000000002
1009,10,22664.84,0,22.16484
1009,11,25473.43,0,24.97343
1009,12,21438.7,0,20.9387
1010,3,10690.02,0,10.19002
1010,4,18187.07,0,17.68707
1010,5,15888.52,0,15.388520000000002
1010,6,16829.31,0,16.329310000000003
1010,7,12663.11,0,12.163110000000001
1010,8,19811.84,0,19.31184
1010,9,16813.73,0,16.31373
1010,10,15677.84,0,15.17784
1010,11,7985.59,0,7.48559
1011,6,6685.11,1,25.795769999999997
1011,7,21046.41,1,126.32487
1011,8,21099.37,1,126.69559
1011,9,16638.46,1,95.46921999999999
1011,10,24575.65,1,151.02955
1011,11,22102.97,1,133.72079000000002
1011,12,19630.63,1,116.41441
1012,11,13935.03,0,13.435030000000001
1012,12,11876.94,0,11.376940000000001
1013,12,20113.92,1,119.79744
1014,11,1175.59,0,0.6755899999999999
1014,12,7792.41,0,7.29241
1015,12,16098.23,0,15.59823
1016,10,3669.91,0,3.16991
1016,11,27501.33,0,27.001330000000003
1016,12,26969.37,0,26.469369999999998
1017,8,2128.5299999999997,0,1.6285299999999998
1017,9,24478.920000000002,0,23.978920000000002
1017,10,28478.25,0,27.97825
1017,11,19093.04,0,18.593040000000002
1017,12,21136.58,0,20.636580000000002
1018,10,8722.35,0,8.22235
1018,11,15266.53,0,14.766530000000001
1018,12,17390.55,0,16.89055
1019,11,3012.91,0,2.5129099999999998
1019,12,28127.77,0,27.62777
1020,11,12000.34,0,11.50034
1020,12,19749.08,0,19.249080000000003
1021,12,4718.85,0,4.218850000000001
1022,5,4908.08,0,4.40808
1022,6,23436.48,0,22.93648
1022,7,9933.15,0,9.43315
1022,8,21325.33,0,20.82533
1022,9,14118.23,0,13.61823
1022,10,18961.41,0,18.46141
1022,11,22204.48,0,21.70448
1022,12,18283.62,0,17.78362
1023,7,9096.97,0,8.596969999999999
1023,8,9991.79,0,9.491790000000002
1024,12,10807.37,0,10.30737
1026,7,4822.35,1,12.756450000000003
1026,8,8402.11,1,37.81477
1027,7,11516.06,0,11.01606
1027,8,20351.1,0,19.8511
1027,9,17075.76,0,16.57576
1027,10,12901.15,0,12.40115
1027,11,15839.84,0,15.33984
1027,12,14411.53,0,13.91153
1028,2,12591.91,1,67.14337
1028,3,31902.96,1,202.32072
1028,4,36243.57,1,232.70499
1028,5,31721.1,1,201.0477
1028,6,34198.33,1,218.38831000000002
1028,7,38826.7,1,250.78689999999997
1028,8,39078.63,1,252.55041
1028,9,26563.75,1,164.94625
1028,10,43960.24,1,286.72168
1028,11,41768.14,1,271.37698
1028,12,36030.19,1,231.21133000000003
1029,8,618.95,0,0.11895000000000004
1029,9,13719.06,0,13.219059999999999
1029,10,17605.99,0,17.105990000000002
1029,11,14210.22,0,13.71022
1029,12,21046.14,0,20.54614
1030,10,11302.29,1,58.11603000000001
1030,11,16646.68,1,95.52676000000001
1030,12,15567.17,1,87.97019
1031,7,10653.04,1,53.57128000000001
1031,8,21615.94,1,130.31158
1031,9,13005.92,1,70.04144000000001
1031,10,18775.73,1,110.43011
1031,11,16198.94,1,92.39258000000001
1031,12,12622.11,1,67.35477
1032,11,14469.16,1,80.28412
1032,12,14290.59,1,79.03413
1033,9,5349.94,1,16.449579999999997
1033,10,28522.22,1,178.65554
1033,11,27039.350000000002,1,168.27545
1033,12,21003.9,1,126.02730000000001
1034,8,997.42,0,0.49742
1035,12,15500.04,0,15.000040000000002
1036,6,1449.37,1,10.14559
1036,7,12116.67,1,63.81669
1036,8,19505.93,1,115.54151
1036,9,14974.61,1,83.82227
1036,10,11220.67,1,57.54469
1036,11,10044.92,1,49.314440000000005
1036,12,8787.79,1,40.51453000000001
1037,12,14370.44,1,79.59308
1038,10,20748.96,1,124.24271999999999
1038,11,37946.04,1,244.62228000000002
1038,12,45020.31,1,294.14216999999996
1039,6,6010.62,1,21.07434
1039,7,20939.15,1,125.57405000000001
1039,8,22398.41,1,135.78887
1039,9,18558.81,1,108.91167000000002
1039,10,13511.26,1,73.57882000000001
1039,11,26185.96,1,162.30172
1039,12,20219.18,1,120.53426
1040,12,14246.09,0,13.74609
1041,3,1586.3899999999999,1,11.10473
1041,4,20601.58,1,123.21106000000002
1041,5,18259.46,1,106.81622
1041,6,20033.170000000002,1,119.23219000000002
1041,7,23400.72,1,142.80504000000002
1041,8,23352.51,1,142.46757
1041,9,20726.69,1,124.08682999999999
1041,10,19097.12,1,112.67984
1041,11,24967.66,1,153.77362
1041,12,16863.45,1,97.04415
1042,1,1854.93,0,1.3549300000000002
1042,2,6801.48,0,6.30148
1042,3,6169.88,0,5.66988
1042,4,7102.4,0,6.602399999999999
1042,5,9061.44,0,8.561440000000001
1042,6,7833.96,0,7.33396
1042,7,5304.29,0,4.80429
1042,8,5170.65,0,4.670649999999999
1042,9,13960.01,0,13.46001
1042,10,6118.26,0,5.61826
1042,11,9287.95,0,8.78795
1042,12,6022.1,0,5.522100000000001
1043,6,9891.43,1,48.240010000000005
1043,7,26643.77,1,165.50639
1043,8,29112.44,1,182.78708
1043,9,32619.76,1,207.33831999999998
1043,10,31327.21,1,198.29047
1043,11,32316.66,1,205.21662
1043,12,36029.74,1,231.20818
1044,9,21116.58,0,20.616580000000003
1044,10,19450.35,0,18.95035
1044,11,21832.37,0,21.33237
1044,12,15473.81,0,14.97381
1045,10,9178.75,0,8.67875
1045,11,24871.18,0,24.371180000000003
1045,12,17012.32,0,16.51232
1046,6,10538.28,0,10.03828
1046,7,22016.18,0,21.516180000000002
1046,8,24950.45,0,24.45045
1046,9,25161.01,0,24.661009999999997
1046,10,25833.19,0,25.33319
1046,11,25165.01,0,24.66501
1046,12,12668.55,0,12.16855
1047,12,17146.8,1,99.02759999999999
1048,8,2256.76,0,1.7567600000000003
1048,9,8806.79,0,8.306790000000001
1048,10,12249.23,0,11.749229999999999
1048,11,10699.55,0,10.19955
1048,12,9290.36,0,8.790360000000002
1049,4,5374.0,0,4.874
1049,5,7776.349999999999,0,7.27635
1049,6,8427.87,0,7.927870000000001
1049,7,7229.81,0,6.7298100000000005
1049,8,9547.39,0,9.04739
1049,9,10160.8,0,9.6608
1049,10,6189.06,0,5.6890600000000004
1049,11,10572.32,0,10.07232
1049,12,7472.53,0,6.97253
1050,3,5942.6,1,20.598200000000002
1050,4,17557.58,1,101.90306000000001
1050,5,16769.29,1,96.38503000000001
1050,6,11574.0,1,60.018
1050,7,14931.89,1,83.52323
1050,8,15211.449999999999,1,85.48015
1050,9,16997.27,1,97.98089
1050,10,24534.68,1,150.74276
1050,11,14227.19,1,78.59033000000001
1050,12,17044.12,1,98.30883999999999
1051,12,10369.73,0,9.86973
1052,11,4650.4,0,4.150399999999999
1052,12,25419.420000000002,0,24.919420000000002
1053,7,855.57,0,0.35557000000000005
1053,8,21209.15,0,20.70915
1053,9,22495.99,0,21.995990000000003
1053,10,16830.64,0,16.33064
1053,11,20020.42,0,19.520419999999998
1053,12,15720.48,0,15.22048
1054,4,8231.44,0,7.731440000000001
1054,5,17925.98,0,17.42598
1054,6,20824.09,0,20.32409
1054,7,16285.92,0,15.78592
1054,8,24096.24,0,23.59624
1054,9,19633.48,0,19.13348
1054,10,21121.260000000002,0,20.621260000000003
1054,11,20537.55,0,20.03755
1054,12,22992.69,0,22.49269
1055,5,7534.64,0,7.0346400000000004
1055,6,10709.68,0,10.20968
1055,7,15625.710000000001,0,15.125710000000002
1055,8,15189.85,0,14.68985
1055,9,14305.2,0,13.805200000000001
1055,10,19802.85,0,19.30285
1055,11,14972.39,0,14.472389999999999
1055,12,14041.29,0,13.541290000000002
1056,7,3094.72,0,2.5947199999999997
1056,8,21623.82,0,21.12382
1056,9,15961.9,0,15.4619
1056,10,19099.83,0,18.59983
1056,11,18495.81,0,17.995810000000002
1056,12,24974.03,0,24.47403
1057,9,3818.35,1,5.72845
1057,10,27274.59,1,169.92213
1057,11,32614.239999999998,1,207.29968
1057,12,23140.1,1,140.98069999999998
1058,11,7828.96,0,7.32896
1058,12,9190.19,0,8.690190000000001
1059,4,3672.48,1,4.70736
1059,5,11783.35,1,61.483450000000005
1059,6,10894.02,1,55.258140000000004
1059,7,13367.17,1,72.57019
1059,8,12895.01,1,69.26507000000001
1059,9,15036.26,1,84.25382
1059,10,17544.16,1,101.80912000000001
1059,11,15430.49,1,87.01343
1059,12,20197.26,1,120.38081999999999
1060,8,12539.42,0,12.03942
1060,9,26256.75,0,25.75675
1060,10,23212.11,0,22.712110000000003
1060,11,17815.09,0,17.31509
1060,12,25061.82,0,24.56182
1061,4,6716.8,1,26.0176
1061,5,20773.12,1,124.41184
1061,6,20446.71,1,122.12697
1061,7,20112.02,1,119.78414000000001
1061,8,18424.54,1,107.97178000000001
1061,9,24854.16,1,152.97912
1061,10,16449.92,1,94.14943999999998
1061,11,17562.83,1,101.93981000000001
1061,12,23815.85,1,145.71095
1062,3,8604.210000000001,1,39.229470000000006
1062,4,14580.19,1,81.06133000000001
1062,5,15627.57,1,88.39299
1062,6,12513.16,1,66.59212
1062,7,13648.369999999999,1,74.53859
1062,8,18914.74,1,111.40318000000002
1062,9,14532.52,1,80.72764000000001
1062,10,17328.78,1,100.30145999999999
1062,11,17936.98,1,104.55886
1062,12,14550.1,1,80.8507
1063,11,10936.7,1,55.556900000000006
1063,12,9994.54,1,48.961780000000005
1064,6,6572.2300000000005,0,6.07223
1064,7,15403.26,0,14.903260000000001
1064,8,22240.82,0,21.74082
1064,9,16037.95,0,15.53795
1064,10,18068.96,0,17.56896
1064,11,15201.33,0,14.70133
1064,12,18268.829999999998,0,17.768829999999998
1065,9,9153.05,0,8.653049999999999
1065,10,17044.92,0,16.544919999999998
1065,11,19927.4,0,19.427400000000002
1065,12,18099.73,0,17.59973
1066,3,13691.49,0,13.19149
1066,4,22187.52,0,21.68752
1066,5,21603.41,0,21.10341
1066,6,16588.02,0,16.08802
1066,7,19876.94,0,19.376939999999998
1066,8,19871.34,0,19.37134
1066,9,20870.81,0,20.370810000000002
1066,10,21231.79,0,20.73179
1066,11,21029.79,0,20.529790000000002
1066,12,17529.09,0,17.02909
1067,9,3912.89,0,3.41289
1067,10,20750.31,0,20.250310000000002
1067,11,20371.7,0,19.8717
1067,12,15944.51,0,15.444510000000001
1068,5,6540.1,0,6.040100000000001
1068,6,15171.84,0,14.671840000000001
1068,7,14329.65,0,13.829649999999999
1068,8,14672.28,0,14.17228
1068,9,11973.64,0,11.47364
1068,10,19290.34,0,18.79034
1068,11,13994.14,0,13.49414
1068,12,17421.53,0,16.92153
1069,9,8293.23,1,37.052609999999994
1069,10,11498.07,1,59.486489999999996
1069,11,11538.48,1,59.76936
1069,12,14820.66,1,82.74462
1070,12,15401.48,0,14.90148
1071,5,6403.87,0,5.90387
1071,6,12655.47,0,12.15547
1071,7,19569.61,0,19.06961
1071,8,13747.5,0,13.2475
1071,9,11812.6,0,11.3126
1071,10,13054.55,0,12.554549999999999
1071,11,14871.3,0,14.3713
1071,12,20631.8,0,20.1318
1072,7,17252.99,0,16.75299
1072,8,26667.579999999998,0,26.167579999999997
1072,9,26346.81,0,25.84681
1072,10,25643.45,0,25.14345
1072,11,32988.66,0,32.48866
1072,12,34185.21,0,33.68521
1073,4,14511.98,0,14.01198
1073,5,14296.74,0,13.79674
1073,6,13237.64,0,12.737639999999999
1073,7,15329.24,0,14.82924
1073,8,16832.09,0,16.33209
1073,9,12566.12,0,12.066120000000002
1073,10,13235.86,0,12.73586
1073,11,12278.82,0,11.77882
1073,12,16570.14,0,16.07014
1074,11,866.51,1,6.06557
1074,12,10802.82,1,54.61974
1075,9,10018.48,0,9.51848
1075,10,11724.69,0,11.22469
1075,11,7275.62,0,6.77562
1075,12,15267.35,0,14.76735
1076,7,113.74,0,0.11374
1076,8,24252.12,0,23.752119999999998
1076,9,23134.42,0,22.63442
1076,10,18661.9,0,18.161900000000003
1076,11,18655.14,0,18.15514
1076,12,15440.81,0,14.940809999999999
1077,1,10635.64,1,53.449479999999994
1077,2,19926.55,1,118.48585
1077,3,20689.95,1,123.82965
1077,4,15763.84,1,89.34688
1077,5,20618.62,1,123.33033999999999
1077,6,14072.81,1,77.50967
1077,7,19615.47,1,116.30829000000001
1077,8,20126.6,1,119.88619999999999
1077,9,18217.76,1,106.52431999999999
1077,10,20861.04,1,125.02728
1077,11,22289.0,1,135.023
1077,12,16040.2,1,91.2814
1078,11,8193.15,0,7.69315
1078,12,12485.130000000001,0,11.985130000000002
1079,7,1432.5,0,0.9325
1079,8,21227.57,0,20.72757
1079,9,17984.35,0,17.48435
1079,10,17375.9,0,16.8759
1079,11,13800.59,0,13.30059
1079,12,13852.37,0,13.35237
1080,8,19226.15,0,18.72615
1080,9,25499.72,0,24.99972
1080,10,27529.22,0,27.029220000000002
1080,11,33559.88,0,33.05988
1080,12,24543.42,0,24.043419999999998
1081,4,92.31,0,0.09231
1081,5,14482.73,0,13.98273
1081,6,18137.88,0,17.637880000000003
1081,7,15745.27,0,15.245270000000001
1081,8,15950.3,0,15.4503
1081,9,17618.37,0,17.11837
1081,10,14885.800000000001,0,14.385800000000001
1081,11,13776.53,0,13.276530000000001
1081,12,17865.73,0,17.36573
1082,4,6874.38,0,6.37438
1082,5,14537.34,0,14.03734
1082,6,17955.579999999998,0,17.455579999999998
1082,7,13257.65,0,12.75765
1082,8,18688.010000000002,0,18.188010000000002
1082,9,12369.8,0,11.8698
1082,10,17844.19,0,17.344189999999998
1082,11,18821.37,0,18.321369999999998
1082,12,20969.170000000002,0,20.469170000000002
1083,10,2911.0299999999997,0,2.41103
1083,11,17894.5,0,17.3945
1083,12,20914.25,0,20.41425
1084,10,7833.11,0,7.33311
1084,11,19347.9,0,18.847900000000003
1084,12,27859.079999999998,0,27.35908
1085,8,1889.07,1,13.22349
1085,9,22527.13,1,136.68991
1085,10,22638.42,1,137.46894
1085,11,25059.51,1,154.41656999999998
1085,12,25194.51,1,155.36157
1086,12,22260.84,1,134.82588
1087,11,6787.43,0,6.2874300000000005
1087,12,12425.47,0,11.925469999999999
1088,5,2489.5,1,17.4265
1088,6,15980.02,1,90.86014
1088,7,13586.55,1,74.10584999999999
1088,8,19089.65,1,112.62755000000001
1088,9,15253.79,1,85.77653000000001
1088,10,12191.83,1,64.34281
1088,11,19375.06,1,114.62542
1088,12,17376.54,1,100.63578000000001
1089,12,16597.91,0,16.09791
1090,5,9592.09,0,9.09209
1090,6,15487.23,0,14.98723
1090,7,27591.61,0,27.091610000000003
1090,8,22497.53,0,21.997529999999998
1090,9,17343.94,0,16.84394
1090,10,13111.49,0,12.61149
1090,11,21358.72,0,20.85872
1090,12,14337.62,0,13.837620000000001
1091,10,3632.92,1,4.430440000000001
1091,11,6402.09,1,23.81463
1092,12,22419.61,0,21.919610000000002
1093,12,4837.79,0,4.33779
1094,10,1728.71,0,1.22871
1094,11,25797.91,0,25.29791
1094,12,22700.64,0,22.20064
1095,4,4392.78,0,3.8927799999999997
1095,5,13795.63,0,13.29563
1095,6,11248.08,0,10.74808
1095,7,15825.76,0,15.32576
1095,8,15474.53,0,14.974530000000001
1095,9,15110.19,0,14.610190000000001
1095,10,12294.49,0,11.79449
1095,11,18290.77,0,17.790770000000002
1095,12,18523.18,0,18.02318
1096,12,7159.74,1,29.11818
1097,8,4130.0599999999995,0,3.6300599999999994
1097,9,12047.3,0,11.5473
1097,10,17220.95,0,16.720950000000002
1097,11,20539.170000000002,0,20.039170000000002
1097,12,19175.92,0,18.675919999999998
1098,8,17686.54,0,17.18654
1098,9,27752.8,0,27.2528
1098,10,29627.7,0,29.1277
1098,11,29836.94,0,29.33694
1098,12,28876.32,0,28.37632
1099,2,599.78,0,0.09977999999999998
1099,3,20857.74,0,20.357740000000003
1099,4,15861.63,0,15.36163
1099,5,20522.51,0,20.02251
1099,6,14416.46,0,13.916459999999999
1099,7,13238.13,0,12.73813
1099,8,16692.58,0,16.192580000000003
1099,9,17353.26,0,16.85326
1099,10,20462.74,0,19.962740000000004
1099,11,15144.54,0,14.644540000000001
1099,12,16293.44,0,15.79344
1100,8,15115.119999999999,0,14.61512
1100,9,18948.95,0,18.44895
1100,10,16753.37,0,16.25337
1100,11,24672.97,0,24.172970000000003
1100,12,21906.66,0,21.40666
1101,4,1832.63,0,1.3326300000000002
1101,5,17296.93,0,16.79693
1101,6,14432.43,0,13.93243
1101,7,14207.54,0,13.707540000000002
1101,8,15143.18,0,14.643180000000001
1101,9,12907.32,0,12.40732
1101,10,15815.91,0,15.31591
1101,11,12178.0,0,11.678
1101,12,9104.09,0,8.604090000000001
1102,12,6491.35,1,24.439450000000004
1103,8,13561.66,0,13.06166
1103,9,18619.47,0,18.119470000000003
1103,10,19214.54,0,18.71454
1103,11,21279.43,0,20.77943
1103,12,18351.86,0,17.851860000000002
1104,12,9360.99,1,44.52693
1105,10,9664.7,0,9.164700000000002
1105,11,11937.49,0,11.43749
1105,12,9783.35,0,9.28335
1106,5,13256.11,0,12.756110000000001
1106,6,18617.0,0,18.117
1106,7,18682.76,0,18.18276
1106,8,22432.89,0,21.93289
1106,9,28192.49,0,27.692490000000003
1106,10,19170.18,0,18.670180000000002
1106,11,23973.94,0,23.47394
1106,12,22147.94,0,21.64794
1107,11,5209.57,1,15.46699
1107,12,18422.66,1,107.95862
1108,12,233.17,1,1.63219
1109,4,8246.83,0,7.74683
1109,5,12630.88,0,12.13088
1109,6,12202.07,0,11.702069999999999
1109,7,20005.7,0,19.5057
1109,8,9439.7,0,8.9397
1109,9,10875.11,0,10.375110000000001
1109,10,10290.62,0,9.79062
1109,11,11015.09,0,10.51509
1109,12,12497.47,0,11.99747
1110,5,7247.61,0,6.74761
1110,6,24115.41,0,23.61541
1110,7,20312.24,0,19.812240000000003
1110,8,24671.51,0,24.171509999999998
1110,9,23705.63,0,23.205630000000003
1110,10,22191.06,0,21.69106
1110,11,19036.55,0,18.53655
1110,12,21214.5,0,20.7145
1111,9,5933.05,0,5.433050000000001
1111,10,16146.39,0,15.64639
1111,11,18228.08,0,17.728080000000002
1111,12,14857.96,0,14.35796
1112,10,10565.2,1,52.95640000000001
1112,11,12728.12,1,68.09684
1112,12,12235.76,1,64.65032000000001
1113,6,13695.210000000001,1,74.86647
1113,7,10490.26,1,52.43182
1113,8,15330.51,1,86.31357
1113,9,12197.81,1,64.38467
1113,10,15598.95,1,88.19265
1113,11,12778.72,1,68.45103999999999
1113,12,15672.41,1,88.70687
1114,7,6201.03,0,5.70103
1114,8,21360.4,0,20.860400000000002
1114,9,12680.130000000001,0,12.180130000000002
1114,10,15846.17,0,15.34617
1114,11,25607.01,0,25.10701
1114,12,18058.14,0,17.558139999999998
1115,11,5528.17,0,5.02817
1115,12,18879.21,0,18.37921
1116,8,15068.74,0,14.56874
1117,5,2025.11,0,1.52511
1117,6,14686.89,0,14.18689
1117,7,17769.81,0,17.269810000000003
1117,8,22852.64,0,22.35264
1117,9,21826.53,0,21.326529999999998
1117,10,18489.4,0,17.989400000000003
1117,11,18252.4,0,17.7524
1117,12,25026.19,0,24.52619
1118,12,13547.18,0,13.04718
1119,10,633.04,0,0.13303999999999996
1119,11,866.29,0,0.36628999999999995
1119,12,1813.6599999999999,0,1.3136599999999998
1120,4,23382.83,0,22.882830000000002
1120,5,22914.24,0,22.414240000000003
1120,6,21893.08,0,21.39308
1120,7,21641.98,0,21.14198
1120,8,19046.98,0,18.54698
1120,9,26728.27,0,26.228270000000002
1120,10,16670.58,0,16.17058
1120,11,19904.56,0,19.40456
1120,12,16326.7,0,15.8267
1121,11,1236.65,0,0.7366500000000001
1121,12,65437.16,0,64.93716
1122,5,10913.65,0,10.41365
1122,6,17780.58,0,17.28058
1122,7,16299.25,0,15.79925
1122,8,29045.27,0,28.545270000000002
1122,9,22436.68,0,21.93668
1122,10,17460.79,0,16.960790000000003
1122,11,16862.03,0,16.36203
1122,12,21337.4,0,20.837400000000002
1123,6,1766.76,0,1.26676
1123,7,33222.95,0,32.72295
1123,8,19375.57,0,18.87557
1123,9,17772.7,0,17.2727
1123,10,21505.98,0,21.00598
1123,11,21177.71,0,20.67771
1123,12,24982.22,0,24.48222
1124,10,3686.42,1,4.80494
1124,11,4428.28,1,9.997959999999999
1124,12,6495.23,1,24.466609999999996
1125,12,22697.1,0,22.1971
1126,6,26304.54,1,163.13178000000002
1126,7,25768.85,1,159.38195
1126,8,33070.09,1,210.49062999999998
1126,9,28196.33,1,176.37431
1126,10,24840.64,1,152.88448
1126,11,20906.16,1,125.34312
1126,12,20588.09,1,123.11663
1127,6,7756.93,0,7.2569300000000005
1127,7,21608.77,0,21.10877
1127,8,21291.57,0,20.79157
1127,9,25239.57,0,24.73957
1127,10,24318.32,0,23.81832
1127,11,28516.95,0,28.01695
1127,12,21964.05,0,21.46405
1128,6,13036.38,1,70.25466
1128,7,20796.32,1,124.57424
1128,8,15748.49,1,89.23943
1128,9,21204.82,1,127.43374
1128,10,19870.93,1,118.09651000000001
1128,11,17541.87,1,101.79308999999999
1128,12,14172.41,1,78.20687
1130,9,12787.35,0,12.28735
1130,10,20706.02,0,20.206020000000002
1130,11,13800.91,0,13.30091
1130,12,17920.43,0,17.42043
1131,5,6468.11,0,5.968109999999999
1131,6,14637.039999999999,0,14.137039999999999
1131,7,15336.03,0,14.836030000000001
1131,8,12271.78,0,11.771780000000001
1131,9,15594.75,0,15.09475
1131,10,18873.67,0,18.373669999999997
1131,11,12371.64,0,11.87164
1131,12,15212.42,0,14.71242
1132,4,15651.16,1,88.55812
1132,5,28966.39,1,181.76473
1132,6,25117.77,1,154.82439
1132,7,26707.82,1,165.95474000000002
1132,8,19555.51,1,115.88856999999999
1132,9,23637.55,1,144.46285
1132,10,22614.02,1,137.29814000000002
1132,11,23920.68,1,146.44476
1132,12,17396.31,1,100.77417000000001
1133,7,3895.05,1,6.2653500000000015
1133,8,16099.27,1,91.69489
1133,9,17366.56,1,100.56592
1133,10,15501.6,1,87.5112
1133,11,16483.21,1,94.38247
1133,12,12440.39,1,66.08273
1134,9,15746.07,0,15.24607
1134,10,18199.5,0,17.6995
1134,11,23317.89,0,22.81789
1134,12,24072.13,0,23.57213
1135,12,6921.2,1,27.4484
1136,10,11788.640000000001,0,11.288640000000001
1136,11,20049.21,0,19.54921
1136,12,22459.67,0,21.95967
1137,10,7002.91,0,6.50291
1137,11,3084.69,0,2.58469
1137,12,6745.66,0,6.24566
1138,2,16319.15,0,15.81915
1138,3,17496.71,0,16.99671
1138,4,20111.21,0,19.61121
1138,5,23059.99,0,22.559990000000003
1138,6,18719.47,0,18.21947
1138,7,22449.29,0,21.94929
1138,8,18505.37,0,18.00537
1138,9,20713.82,0,20.213820000000002
1138,10,23778.67,0,23.278669999999998
1138,11,16732.29,0,16.232290000000003
1138,12,8084.349999999999,0,7.58435
1139,11,7640.26,0,7.1402600000000005
1139,12,15459.0,0,14.959
1140,6,6188.79,0,5.68879
1140,7,24060.44,0,23.56044
1140,8,20653.77,0,20.15377
1140,9,14411.51,0,13.91151
1140,10,16832.5,0,16.3325
1140,11,7153.67,0,6.65367
1141,6,1990.02,0,1.4900200000000001
1141,7,15038.09,0,14.53809
1141,8,16926.93,0,16.426930000000002
1141,9,13151.789999999999,0,12.65179
1141,10,15702.7,0,15.202700000000002
1141,11,17335.74,0,16.83574
1141,12,18037.61,0,17.53761
1142,8,5493.87,0,4.99387
1142,9,20767.03,0,20.26703
1142,10,14142.56,0,13.64256
1142,11,18743.06,0,18.243060000000003
1142,12,16170.33,0,15.67033
1144,4,8196.029999999999,1,36.372209999999995
1144,5,25753.69,1,159.27582999999998
1144,6,26198.65,1,162.39055000000002
1144,7,38583.96,1,249.08772
1144,8,35483.02,1,227.38114
1144,9,37587.03,1,242.10921
1144,10,38156.82,1,246.09774000000002
1144,11,26608.79,1,165.26153000000002
1144,12,32012.3,1,203.0861
1145,6,8298.869999999999,0,7.798869999999999
1145,7,17051.47,0,16.551470000000002
1145,8,17008.2,0,16.508200000000002
1145,9,17330.79,0,16.83079
1145,10,23605.38,0,23.10538
1145,11,19764.82,0,19.26482
1145,12,18802.88,0,18.302880000000002
1146,10,10440.5,0,9.9405
1146,11,19888.04,0,19.38804
1146,12,17860.26,0,17.36026
1147,5,26315.16,0,25.81516
1147,6,34888.83,0,34.388830000000006
1147,7,35502.33,0,35.00233
1147,8,32962.14,0,32.46214
1147,9,35929.97,0,35.429970000000004
1147,10,34395.52,0,33.89552
1147,11,25423.63,0,24.923630000000003
1147,12,25811.670000000002,0,25.311670000000003
1148,11,12478.88,0,11.97888
1148,12,17832.13,0,17.332130000000003
1149,9,2450.56,0,1.95056
1149,10,11688.36,0,11.188360000000001
1149,11,12987.49,0,12.48749
1149,12,7911.99,0,7.41199
1150,9,4121.2,1,7.848399999999999
1150,10,13970.34,1,76.79238000000001
1150,11,18137.14,1,105.95998
1150,12,12881.1,1,69.16770000000001
1151,8,4775.44,0,4.27544
1151,9,13532.619999999999,0,13.03262
1151,10,20534.38,0,20.034380000000002
1151,11,16671.63,0,16.17163
1151,12,12759.72,0,12.25972
1152,11,16922.13,0,16.422130000000003
1152,12,15773.119999999999,0,15.273119999999999
1153,6,4746.07,0,4.24607
1153,7,11763.72,0,11.26372
1153,8,15152.16,0,14.65216
1153,9,19322.87,0,18.822869999999998
1153,10,10091.36,0,9.591360000000002
1153,11,16651.62,0,16.151619999999998
1153,12,9006.32,0,8.50632
1154,10,16242.38,1,92.69666
1154,11,18063.16,1,105.44212
1154,12,12544.68,1,66.81276
1155,2,4975.1900000000005,1,13.826330000000004
1155,3,19704.89,1,116.93423
1155,4,17312.93,1,100.19051
1155,5,16743.03,1,96.20120999999999
1155,6,20582.21,1,123.07547
1155,7,18988.71,1,111.92097
1155,8,25519.0,1,157.633
1155,9,22249.77,1,134.74839
1155,10,25785.6,1,159.4992
1155,11,20099.69,1,119.69783
1155,12,26530.44,1,164.71308
1156,4,8642.62,0,8.14262
1156,5,24169.96,0,23.66996
1156,6,21636.5,0,21.1365
1156,7,23331.7,0,22.8317
1156,8,17630.7,0,17.1307
1156,9,20283.49,0,19.78349
1156,10,19966.57,0,19.46657
1156,11,18137.5,0,17.6375
1156,12,17486.49,0,16.986490000000003
1157,7,6447.47,0,5.94747
1157,8,14112.02,0,13.612020000000001
1157,9,10238.27,0,9.73827
1157,10,10062.17,0,9.56217
1157,11,9236.95,0,8.73695
1157,12,8196.85,0,7.69685
1158,12,21244.74,1,127.71318000000001
1159,8,6412.6,1,23.888200000000005
1159,9,15685.23,1,88.79661
1159,10,15861.99,1,90.03393
1159,11,13825.28,1,75.77696
1159,12,12744.78,1,68.21346000000001
1160,4,6759.66,0,6.25966
1160,5,20314.35,0,19.814349999999997
1160,6,16732.0,0,16.232
1160,7,15954.6,0,15.454600000000001
1160,8,22566.63,0,22.06663
1160,9,13922.94,0,13.42294
1160,10,24711.15,0,24.211150000000004
1160,11,22695.93,0,22.19593
1160,12,21364.61,0,20.864610000000003
1161,11,1052.08,1,7.36456
1161,12,12412.53,1,65.88771000000001
1162,10,10939.1,1,55.5737
1162,11,17130.9,1,98.9163
1162,12,19813.79,1,117.69653000000001
1163,8,12166.449999999999,1,64.16515
1163,9,14821.54,1,82.75078
1163,10,19785.31,1,117.49717000000001
1163,11,25339.7,1,156.3779
1163,12,22193.15,1,134.35205000000002
1164,4,2947.77,1,20.63439
1164,5,13675.95,1,74.73165
1164,6,16795.58,1,96.56906000000001
1164,7,13498.97,1,73.49279
1164,8,14337.82,1,79.36474
1164,9,14072.88,1,77.51016
1164,10,16135.66,1,91.94962
1164,11,16867.46,1,97.07222
1164,12,16078.19,1,91.54733
1165,10,3228.44,0,2.72844
1165,11,18911.25,0,18.41125
1165,12,15928.3,0,15.4283
1166,9,15443.96,0,14.943959999999999
1166,10,18460.87,0,17.96087
1166,11,28112.87,0,27.61287
1166,12,19746.03,0,19.246029999999998
1167,5,3367.1800000000003,0,2.8671800000000003
1167,6,15091.52,0,14.591520000000001
1167,7,11043.23,0,10.54323
1167,8,8734.55,0,8.234549999999999
1167,9,13276.26,0,12.77626
1167,10,14776.22,0,14.27622
1167,11,13312.88,0,12.81288
1167,12,13003.48,0,12.50348
1168,12,7322.85,0,6.822850000000001
1169,12,17431.28,0,16.931279999999997
1170,9,7189.24,0,6.68924
1170,10,23753.86,0,23.25386
1170,11,28390.97,0,27.890970000000003
1170,12,24574.25,0,24.07425
1171,2,16042.380000000001,0,15.542380000000001
1171,3,23817.74,0,23.31774
1171,4,20924.42,0,20.424419999999998
1171,5,20635.5,0,20.1355
1171,6,18007.14,0,17.50714
1171,7,20298.36,0,19.798360000000002
1171,8,17170.32,0,16.67032
1171,9,22378.989999999998,0,21.878989999999998
1171,10,26408.82,0,25.90882
1171,11,19759.99,0,19.259990000000002
1171,12,19172.27,0,18.67227
1172,8,12118.28,0,11.61828
1172,9,31222.57,0,30.72257
1172,10,33850.73,0,33.350730000000006
1172,11,25522.05,0,25.02205
1172,12,23662.21,0,23.162209999999998
1173,9,409.43,0,0.40943
1173,10,11903.5,0,11.403500000000001
1173,11,11757.43,0,11.257430000000001
1173,12,20339.03,0,19.839029999999998
1174,5,4842.87,0,4.34287
1174,6,18967.0,0,18.467
1174,7,22162.46,0,21.66246
1174,8,22032.54,0,21.53254
1174,9,16506.98,0,16.00698
1174,10,22526.28,0,22.02628
1174,11,17869.15,0,17.36915
1174,12,12347.72,0,11.847719999999999
1175,10,22562.08,0,22.06208
1175,11,17196.53,0,16.69653
1175,12,16689.73,0,16.18973
1176,10,12453.3,0,11.953299999999999
1176,11,27266.760000000002,0,26.76676
1176,12,25808.24,0,25.30824
1177,11,11670.710000000001,0,11.170710000000001
1177,12,25912.86,0,25.412860000000002
1178,10,12326.45,0,11.826450000000001
1178,11,18044.83,0,17.54483
1178,12,21917.35,0,21.41735
1179,7,1473.95,0,0.9739500000000001
1179,8,16530.82,0,16.03082
1179,9,13842.130000000001,0,13.342130000000001
1179,10,13093.539999999999,0,12.593539999999999
1179,11,17448.07,0,16.94807
1179,12,14673.39,0,14.17339
1180,12,11829.27,0,11.329270000000001
1181,4,7969.9800000000005,0,7.4699800000000005
1181,5,12394.05,0,11.89405
1181,6,17275.29,0,16.775290000000002
1181,7,15644.34,0,15.14434
1181,8,15246.59,0,14.746590000000001
1181,9,19238.08,0,18.738080000000004
1181,10,17090.86,0,16.59086
1181,11,16965.72,0,16.46572
1181,12,17522.3,0,17.0223
1182,5,129.84,0,0.12984
1182,6,17115.45,0,16.615450000000003
1182,7,21181.5,0,20.6815
1182,8,17670.64,0,17.17064
1182,9,17325.1,0,16.8251
1182,10,20959.7,0,20.4597
1182,11,21903.66,0,21.40366
1182,12,17659.89,0,17.15989
1183,10,6980.78,0,6.48078
1183,11,18159.74,0,17.659740000000003
1183,12,20848.36,0,20.34836
1184,12,10254.82,1,50.78374
1185,1,6812.77,1,26.689390000000003
1185,2,20630.97,1,123.41679
1185,3,27856.84,1,173.99788
1185,4,32192.079999999998,1,204.34456
1185,5,20954.25,1,125.67975
1185,6,27639.55,1,172.47684999999998
1185,7,29354.86,1,184.48402000000002
1185,8,20794.99,1,124.56493000000002
1185,9,23561.83,1,143.93281000000002
1185,10,24856.760000000002,1,152.99732000000003
1185,11,27012.62,1,168.08834
1185,12,27865.84,1,174.06088
1186,12,1948.94,1,13.64258
1187,4,14572.78,0,14.072780000000002
1187,5,21073.09,0,20.57309
1187,6,25838.15,0,25.338150000000002
1187,7,16703.96,0,16.20396
1187,8,20564.4,0,20.064400000000003
1187,9,16160.35,0,15.660350000000001
1187,10,15726.13,0,15.22613
1187,11,15474.960000000001,0,14.974960000000001
1187,12,21052.81,0,20.55281
1188,9,7363.91,1,30.54737
1188,10,20608.2,1,123.2574
1188,11,24383.760000000002,1,149.68632000000002
1188,12,20376.97,1,121.63879000000001
1189,9,4255.45,0,3.7554499999999997
1189,10,21811.18,0,21.31118
1189,11,17200.13,0,16.70013
1189,12,20546.39,0,20.04639
1190,12,14191.43,1,78.34001
1191,5,10402.98,1,51.820859999999996
1191,6,16433.76,1,94.03631999999999
1191,7,17896.02,1,104.27214000000001
1191,8,12890.03,1,69.23021
1191,9,18327.87,1,107.29509
1191,10,14457.26,1,80.20082000000001
1191,11,14541.98,1,80.79386
1191,12,11702.26,1,60.915820000000004
1192,10,8520.78,0,8.02078
1192,11,7677.51,0,7.177510000000001
1192,12,7795.42,0,7.29542
1193,7,14158.63,0,13.658629999999999
1193,8,19486.58,0,18.986580000000004
1193,9,15605.29,0,15.105290000000002
1193,10,19958.99,0,19.458990000000004
1193,11,17534.36,0,17.03436
1193,12,16628.78,0,16.12878
1194,8,5704.93,0,5.20493
1194,9,34814.14,0,34.31414
1194,10,30122.68,0,29.622680000000003
1194,11,42866.1,0,42.3661
1194,12,29871.22,0,29.37122
1195,9,4214.45,0,3.71445
1195,10,13622.560000000001,0,13.122560000000002
1195,11,18079.31,0,17.579310000000003
1195,12,11567.68,0,11.067680000000001
1196,1,8908.61,1,41.36027000000001
1196,2,20085.2,1,119.5964
1196,3,29493.88,1,185.45716000000002
1196,4,23851.24,1,145.95868000000002
1196,5,23429.34,1,143.00538
1196,6,24669.37,1,151.68559
1196,7,18024.85,1,105.17394999999999
1196,8,29286.66,1,184.00662
1196,9,20113.6,1,119.7952
1196,10,25503.59,1,157.52513
1196,11,17330.86,1,100.31602000000001
1196,12,19500.88,1,115.50616000000001
1197,11,11032.6,0,10.5326
1197,12,17460.25,0,16.960250000000002
1198,9,13162.26,0,12.66226
1198,10,23836.6,0,23.3366
1198,11,14361.58,0,13.86158
1198,12,11152.91,0,10.65291
1199,8,13361.35,1,72.52945
1199,9,15687.529999999999,1,88.81271
1199,10,21387.15,1,128.71005000000002
1199,11,24390.34,1,149.73238
1199,12,12496.09,1,66.47263000000001
1200,11,4134.23,0,3.6342299999999996
1200,12,15437.14,0,14.93714
1201,6,23907.01,0,23.40701
1201,7,26928.31,0,26.428310000000003
1201,8,31692.54,0,31.19254
1201,9,25052.37,0,24.55237
1201,10,28905.71,0,28.40571
1201,11,36071.29,0,35.571290000000005
1201,12,24148.22,0,23.648220000000002
1202,10,13910.89,1,76.37622999999999
1202,11,11703.23,1,60.92261
1202,12,9540.119999999999,1,45.78083999999999
1203,3,1248.0299999999997,0,0.7480299999999998
1203,4,18087.22,0,17.587220000000002
1203,5,13325.49,0,12.82549
1203,6,13544.970000000001,0,13.044970000000001
1203,7,11843.8,0,11.3438
1203,8,19194.2,0,18.694200000000002
1203,9,17902.06,0,17.402060000000002
1203,10,16925.53,0,16.42553
1203,11,9254.369999999999,0,8.75437
1203,12,12451.92,0,11.951920000000001
1204,11,20085.99,1,119.60193000000001
1204,12,35447.86,1,227.13502
1205,11,10826.99,0,10.32699
1205,12,19328.02,0,18.828020000000002
1206,7,17806.26,0,17.306259999999998
1206,8,29653.53,0,29.15353
1206,9,26898.43,0,26.39843
1206,10,26495.94,0,25.99594
1206,11,22740.44,0,22.24044
1206,12,27945.75,0,27.44575
1207,12,8278.51,0,7.778510000000001
1208,12,16154.29,0,15.654290000000001
1209,8,749.62,0,0.24962
1209,9,29235.4,0,28.735400000000002
1209,10,17652.68,0,17.15268
1209,11,13564.68,0,13.064680000000001
1209,12,21266.97,0,20.76697
1210,6,14634.84,0,14.13484
1210,7,15052.27,0,14.55227
1210,8,11819.25,0,11.31925
1210,9,7386.74,0,6.88674
1211,7,15068.78,1,84.48146000000001
1211,8,24060.66,1,147.42462
1211,9,17759.72,1,103.31804000000001
1211,10,20794.65,1,124.56255000000002
1211,11,25841.1,1,159.8877
1211,12,25533.58,1,157.73506
1212,7,2095.61,0,1.5956100000000002
1212,8,11505.04,0,11.005040000000001
1212,9,13628.03,0,13.12803
1212,10,12504.31,0,12.00431
1212,11,14141.34,0,13.64134
1212,12,11693.35,0,11.19335
1213,11,1938.76,1,13.57132
1213,12,18028.98,1,105.20286
1214,1,1315.35,1,9.20745
1214,2,21598.95,1,130.19265000000001
1214,3,22013.18,1,133.09226
1214,4,15766.26,1,89.36382
1214,5,16490.95,1,94.43665
1214,6,21099.9,1,126.69930000000001
1214,7,16438.420000000002,1,94.06894000000001
1214,8,18177.17,1,106.24018999999998
1214,9,18749.35,1,110.24544999999999
1214,10,21638.58,1,130.47006000000002
1214,11,18392.45,1,107.74715
1214,12,16239.92,1,92.67944
1215,9,17752.02,0,17.25202
1215,10,30940.87,0,30.44087
1215,11,31044.69,0,30.54469
1215,12,32918.53,0,32.41853
1216,9,4938.33,0,4.43833
1216,10,14123.24,0,13.623240000000001
1216,11,13588.44,0,13.08844
1216,12,15687.82,0,15.18782
1217,10,21224.93,0,20.72493
1217,11,22923.77,0,22.42377
1217,12,18019.31,0,17.51931
1218,12,13594.75,0,13.09475
1219,11,8200.7,0,7.700700000000001
1219,12,27069.02,0,26.569020000000002
1220,4,5256.57,0,4.75657
1220,5,18107.170000000002,0,17.607170000000004
1220,6,12183.66,0,11.68366
1220,7,20059.75,0,19.55975
1220,8,24289.51,0,23.78951
1220,9,20620.12,0,20.12012
1220,10,19456.48,0,18.95648
1220,11,12919.69,0,12.419690000000001
1220,12,17324.54,0,16.824540000000002
1221,12,7904.0,0,7.404
1222,7,24258.6,0,23.758599999999998
1222,8,17845.63,0,17.34563
1222,9,16716.01,0,16.216009999999997
1222,10,19515.59,0,19.01559
1222,11,17755.92,0,17.25592
1222,12,15123.43,0,14.62343
1223,7,23686.02,0,23.18602
1223,8,20398.48,0,19.89848
1223,9,20408.31,0,19.90831
1223,10,21161.28,0,20.661279999999998
1223,11,23637.32,0,23.13732
1223,12,24924.04,0,24.42404
1224,6,1657.96,1,11.60572
1224,7,21810.79,1,131.67553
1224,8,21674.27,1,130.71989
1224,9,17173.14,1,99.21198
1224,10,17909.54,1,104.36678
1225,12,14304.55,0,13.804549999999999
1226,7,14650.06,1,81.55042
1226,8,14102.36,1,77.71652
1226,9,22213.05,1,134.49135
1226,10,17487.170000000002,1,101.41019000000001
1226,11,18980.1,1,111.8607
1226,12,17046.68,1,98.32676000000001
1227,12,18651.59,0,18.15159
1228,10,8786.14,0,8.28614
1228,11,13225.32,0,12.72532
1228,12,8615.64,0,8.115639999999999
1229,12,20551.61,1,122.86127
1230,12,20245.36,1,120.71752000000001
1231,6,15342.76,1,86.39932
1231,7,14764.46,1,82.35122
1231,8,16874.25,1,97.11975
1231,9,19411.23,1,114.87861
1231,10,15677.87,1,88.74509
1231,11,16410.25,1,93.87175
1231,12,17326.59,1,100.28613
1232,4,9727.59,0,9.227590000000001
1232,5,15035.58,0,14.53558
1232,6,14415.46,0,13.91546
1232,7,15422.94,0,14.92294
1232,8,15929.76,0,15.42976
1232,9,22794.48,0,22.29448
1232,10,15508.529999999999,0,15.008529999999999
1232,11,16323.1,0,15.8231
1232,12,17936.99,0,17.43699
1233,10,8920.32,0,8.42032
1233,11,22779.82,0,22.27982
1233,12,18768.07,0,18.26807
1234,12,9299.3,1,44.095099999999995
1235,11,13245.86,0,12.74586
1235,12,7245.31,0,6.745310000000001
1236,4,15603.83,1,88.22681
1236,5,14906.16,1,83.34312
1236,6,18925.44,1,111.47807999999999
1236,7,13604.83,1,74.23381
1236,8,17954.65,1,104.68255
1236,9,16392.91,1,93.75037
1236,10,15205.5,1,85.4385
1236,11,17141.73,1,98.99211
1236,12,19703.65,1,116.92555000000002
1237,9,13358.56,1,72.50992
1237,10,11199.210000000001,1,57.394470000000005
1237,11,7367.0,1,30.569
1237,12,15369.49,1,86.58643000000001
1238,11,22351.4,0,21.8514
1238,12,22777.73,0,22.27773
1239,10,13808.210000000001,0,13.30821
1239,11,13955.03,0,13.45503
1239,12,17206.28,0,16.70628
1240,6,8454.95,0,7.954950000000001
1240,7,34750.43,0,34.25043
1240,8,47304.83,0,46.80483
1240,9,29512.33,0,29.012330000000002
1240,10,42128.840000000004,0,41.628840000000004
1240,11,31235.89,0,30.73589
1240,12,41729.17,0,41.229169999999996
1241,9,9184.64,0,8.68464
1241,10,10170.63,0,9.67063
1241,11,6419.27,0,5.919270000000001
1241,12,14071.01,0,13.571010000000001
1242,10,9662.61,0,9.16261
1242,11,14706.14,0,14.20614
1242,12,9810.87,0,9.310870000000001
1243,10,12057.33,0,11.55733
1243,11,22394.04,0,21.89404
1243,12,27636.34,0,27.13634
1244,11,18827.39,0,18.32739
1244,12,19531.16,0,19.03116
1245,7,2530.84,0,2.03084
1245,8,9636.65,0,9.13665
1245,9,6875.84,0,6.37584
1245,10,7994.87,0,7.49487
1245,11,12283.49,0,11.78349
1245,12,4821.57,0,4.3215699999999995
1246,2,20092.89,1,119.65023
1246,3,31093.21,1,196.65247
1246,4,26662.62,1,165.63834
1246,5,19820.760000000002,1,117.74532000000002
1246,6,17066.01,1,98.46207
1246,7,17422.16,1,100.95512000000001
1246,8,18177.28,1,106.24095999999999
1246,9,7999.389999999999,1,34.995729999999995
1247,7,4368.66,1,9.58062
1247,8,15364.48,1,86.55136
1247,9,20909.73,1,125.36811
1247,10,14394.15,1,79.75905
1247,11,17459.46,1,101.21621999999999
1247,12,26551.09,1,164.85763
1248,11,1869.23,0,1.36923
1248,12,16127.56,0,15.627559999999999
1249,5,9452.18,1,45.16526
1249,6,16483.84,1,94.38688
1249,7,13019.789999999999,1,70.13852999999999
1249,8,18809.16,1,110.66412
1249,9,17041.18,1,98.28826000000001
1249,10,11660.19,1,60.62133000000001
1250,10,8511.32,1,38.57924
1250,11,11680.55,1,60.76385
1250,12,8733.2,1,40.132400000000004
1251,3,12658.77,0,12.15877
1251,4,21118.18,0,20.618180000000002
1251,5,21218.65,0,20.71865
1251,6,29479.36,0,28.97936
1251,7,21663.36,0,21.16336
1251,8,33204.51,0,32.704510000000006
1251,9,21295.69,0,20.79569
1251,10,27687.94,0,27.187939999999998
1251,11,18230.67,0,17.73067
1251,12,20720.46,0,20.22046
1252,6,8275.41,0,7.77541
1252,7,14321.31,0,13.82131
1252,8,12872.529999999999,0,12.37253
1252,9,14351.54,0,13.851540000000002
1252,10,16963.29,0,16.46329
1252,11,12043.630000000001,0,11.543630000000002
1252,12,12730.13,0,12.230129999999999
1253,9,12656.35,1,67.59445000000001
1253,10,17512.91,1,101.59037000000001
1253,11,13641.06,1,74.48742
1253,12,15608.62,1,88.26034000000001
1254,8,19669.06,0,19.16906
1254,9,17574.1,0,17.074099999999998
1254,10,21385.739999999998,0,20.88574
1254,11,20514.22,0,20.01422
1254,12,16751.52,0,16.25152
1255,8,11136.87,1,56.958090000000006
1255,9,10052.62,1,49.36834
1255,10,10453.05,1,52.17135
1255,11,7635.97,1,32.45179
1255,12,9462.2,1,45.235400000000006
1256,9,11870.53,0,11.37053
1256,10,10774.25,0,10.27425
1256,11,21209.66,0,20.70966
1256,12,10866.38,0,10.36638
1257,4,3703.5,0,3.2035
1257,5,15842.46,0,15.342459999999999
1257,6,14845.76,0,14.34576
1257,7,13555.5,0,13.0555
1257,8,12760.7,0,12.260700000000002
1257,9,5069.39,0,4.56939
1257,10,15201.25,0,14.70125
1257,11,20401.55,0,19.90155
1257,12,16263.460000000001,0,15.763460000000002
1258,7,15041.36,0,14.541360000000001
1258,8,19853.09,0,19.35309
1258,9,19041.96,0,18.54196
1258,10,18282.69,0,17.78269
1258,11,21419.19,0,20.91919
1258,12,22805.19,0,22.30519
1259,3,1280.9,0,0.7809000000000001
1259,4,3519.44,0,3.01944
1259,5,3339.33,0,2.83933
1259,6,1342.4499999999998,0,0.8424499999999998
1259,7,2114.01,0,1.6140100000000002
1259,8,2520.61,0,2.02061
1259,9,3282.23,0,2.78223
1259,10,1953.3,0,1.4533
1259,11,3239.7,0,2.7397
1259,12,1078.27,0,0.57827
1260,12,19766.78,0,19.26678
1261,2,5814.36,0,5.31436
1261,3,17755.59,0,17.25559
1261,4,21853.35,0,21.35335
1261,5,21436.7,0,20.936700000000002
1261,6,13083.77,0,12.583770000000001
1261,7,25447.5,0,24.9475
1261,8,17556.64,0,17.056639999999998
1261,9,16958.98,0,16.45898
1261,10,17573.63,0,17.07363
1261,11,15404.34,0,14.904340000000001
1261,12,17214.93,0,16.71493
1262,12,16014.199999999999,0,15.514199999999999
1263,3,10646.58,0,10.14658
1263,4,12264.9,0,11.764899999999999
1263,5,13953.25,0,13.45325
1263,6,15688.52,0,15.18852
1263,7,19026.98,0,18.52698
1263,8,16681.65,0,16.18165
1263,9,20920.94,0,20.420939999999998
1263,10,12132.03,0,11.63203
1263,11,18485.98,0,17.98598
1263,12,19336.46,0,18.83646
1264,5,16145.31,1,92.01717
1264,6,15214.44,1,85.50108
1264,7,13603.5,1,74.2245
1264,8,13170.78,1,71.19546000000001
1264,9,14462.380000000001,1,80.23666000000001
1264,10,20523.0,1,122.661
1264,11,17529.26,1,101.70482
1264,12,14114.6,1,77.8022
1265,11,4181.99,0,3.68199
1265,12,28051.14,0,27.55114
1266,12,11630.05,0,11.130049999999999
1267,11,1468.13,0,0.9681300000000002
1267,12,37544.159999999996,0,37.04416
1268,3,18734.73,0,18.23473
1268,4,25989.16,0,25.489160000000002
1268,5,36672.29,0,36.172290000000004
1268,6,34710.41,0,34.21041
1268,7,38929.09,0,38.429089999999995
1268,8,32646.89,0,32.14689
1268,9,24709.07,0,24.20907
1268,10,34350.54,0,33.85054
1268,11,27916.95,0,27.41695
1268,12,31756.34,0,31.25634
1270,9,12029.43,1,63.206010000000006
1270,10,18272.97,1,106.91079
1270,11,16119.29,1,91.83503
1270,12,23203.65,1,141.42555000000002
1271,12,17962.75,0,17.46275
1272,11,2468.54,0,1.96854
1272,12,39862.45,0,39.362449999999995
1273,10,10722.53,1,54.05771000000001
1273,11,13527.04,1,73.68928000000001
1273,12,16913.47,1,97.39429000000001
1274,12,17346.079999999998,1,100.42255999999999
1276,9,9600.52,0,9.100520000000001
1276,10,15649.73,0,15.14973
1276,11,10918.63,0,10.41863
1276,12,18164.55,0,17.66455
1277,4,9914.07,0,9.41407
1277,5,23037.63,0,22.53763
1277,6,21632.19,0,21.132189999999998
1277,7,23335.52,0,22.835520000000002
1277,8,25184.28,0,24.68428
1277,9,17139.15,0,16.63915
1277,10,20233.18,0,19.73318
1277,11,24689.579999999998,0,24.18958
1277,12,20946.13,0,20.44613
1278,11,14784.810000000001,0,14.284810000000002
1278,12,21942.38,0,21.44238
1279,10,12536.119999999999,1,66.75283999999999
1279,11,13854.43,1,75.98101
1279,12,15620.26,1,88.34182
1280,6,4861.67,0,4.36167
1280,7,16876.57,0,16.37657
1280,8,10897.619999999999,0,10.39762
1280,9,18366.57,0,17.86657
1280,10,16583.44,0,16.08344
1280,11,11615.46,0,11.115459999999999
1280,12,17784.34,0,17.28434
1281,7,3236.69,0,2.7366900000000003
1281,8,8655.44,0,8.15544
1281,9,9391.17,0,8.89117
1281,10,9793.38,0,9.293379999999999
1281,11,7094.43,0,6.59443
1281,12,8169.07,0,7.66907
1282,11,17295.28,1,100.06696
1282,12,24487.1,1,150.4097
1283,11,3494.51,1,3.461570000000002
1283,12,33067.5,1,210.4725
1284,9,21899.88,0,21.399880000000003
1284,10,31687.87,0,31.18787
1284,11,24514.33,0,24.01433
1284,12,21317.66,0,20.81766
1285,8,3865.38,0,3.36538
1285,9,3673.1000000000004,0,3.1731000000000003
1285,10,4319.21,0,3.81921
1285,11,3064.5299999999997,0,2.56453
1285,12,3124.4,0,2.6244
1286,12,11351.29,0,10.85129
1287,11,12723.19,0,12.22319
1287,12,17345.66,0,16.84566
1288,10,14660.53,0,14.160530000000001
1288,11,11979.03,0,11.479030000000002
1288,12,14622.88,0,14.12288
1289,11,12695.65,1,67.86955
1289,12,18661.41,1,109.62987
1290,11,8938.66,0,8.43866
1290,12,4748.8,0,4.2488
1291,4,3779.34,0,3.2793400000000004
1291,5,14019.73,0,13.51973
1291,6,15428.95,0,14.92895
1291,7,21497.27,0,20.99727
1291,8,20999.61,0,20.49961
1291,9,14924.73,0,14.42473
1291,10,21268.25,0,20.768250000000002
1291,11,12558.28,0,12.058280000000002
1291,12,12186.77,0,11.686770000000001
1292,7,17039.49,0,16.53949
1292,8,51809.35,0,51.30935
1292,9,32907.39,0,32.40739
1292,10,46868.75,0,46.36875
1292,11,33877.79,0,33.377790000000005
1292,12,49363.71,0,48.86371
1293,8,17951.4,0,17.451400000000003
1293,9,32271.6,0,31.7716
1293,10,36044.23,0,35.544230000000006
1293,11,29414.22,0,28.91422
1293,12,29088.98,0,28.58898
1294,9,6555.46,0,6.05546
1294,10,30249.17,0,29.74917
1294,11,13142.71,0,12.64271
1295,8,11382.26,0,10.88226
1295,9,17117.63,0,16.617630000000002
1295,10,19931.64,0,19.43164
1295,11,15927.51,0,15.42751
1295,12,21004.44,0,20.50444
1296,10,10627.8,1,53.3946
1296,11,20186.52,1,120.30564000000001
1296,12,14851.17,1,82.95819
1297,11,12247.5,0,11.7475
1297,12,7960.32,0,7.46032
1298,12,17882.76,0,17.382759999999998
1299,3,4905.4,0,4.405399999999999
1299,4,16718.19,0,16.21819
1299,5,18204.12,0,17.70412
1299,6,18566.489999999998,0,18.066489999999998
1299,7,18631.63,0,18.13163
1299,8,13022.7,0,12.5227
1299,9,17759.41,0,17.25941
1299,10,15037.31,0,14.53731
1299,11,11977.33,0,11.47733
1299,12,12021.16,0,11.52116
1300,10,8253.35,0,7.75335
1300,11,14956.49,0,14.45649
1300,12,24325.88,0,23.82588
1301,11,8948.8,1,41.6416
1301,12,33807.73,1,215.65411000000003
1302,9,10712.19,0,10.212190000000001
1302,10,28076.03,0,27.57603
1302,11,22987.59,0,22.48759
1302,12,9070.44,0,8.570440000000001
1303,12,25042.66,1,154.29862
1304,10,3465.5099999999998,1,3.2585699999999984
1304,11,20005.14,1,119.03598
1304,12,23251.89,1,141.76323
1305,5,9945.9,0,9.4459
1305,6,17078.86,0,16.578860000000002
1305,7,15252.78,0,14.752780000000001
1305,8,13435.16,0,12.93516
1305,9,17449.09,0,16.94909
1305,10,16002.21,0,15.50221
1305,11,16005.04,0,15.505040000000001
1305,12,14561.2,0,14.061200000000001
1306,11,246.99,0,0.24699000000000002
1308,11,6783.38,0,6.28338
1308,12,20269.74,0,19.769740000000002
1309,11,240.0,0,0.24
1309,12,16233.7,0,15.7337
1310,11,968.9000000000001,0,0.4689000000000001
1310,12,20970.26,0,20.47026
1311,6,1498.83,1,10.49181
1311,7,24800.73,1,152.60511
1311,8,17512.87,1,101.59008999999999
1311,9,19185.44,1,113.29808
1311,10,16740.71,1,96.18496999999999
1311,11,15450.17,1,87.15119
1311,12,11638.869999999999,1,60.472089999999994
1312,3,19646.17,0,19.146169999999998
1312,4,27307.35,0,26.80735
1312,5,22079.41,0,21.57941
1312,6,15747.8,0,15.2478
1312,7,27213.75,0,26.71375
1312,8,25569.29,0,25.069290000000002
1312,9,18549.57,0,18.04957
1312,10,20623.41,0,20.12341
1312,11,14662.89,0,14.162889999999999
1313,6,6523.04,0,6.02304
1313,7,17701.73,0,17.20173
1313,8,16293.62,0,15.79362
1313,9,17943.79,0,17.44379
1313,10,21656.21,0,21.156209999999998
1313,11,19690.12,0,19.19012
1313,12,12318.71,0,11.81871
1314,11,16797.9,1,96.58530000000002
1314,12,12603.630000000001,1,67.22541000000001
1315,11,6268.219999999999,0,5.7682199999999995
1315,12,5856.4800000000005,0,5.35648
1316,5,3189.44,0,2.6894400000000003
1316,6,12679.55,0,12.179549999999999
1316,7,17071.3,0,16.5713
1316,8,19881.22,0,19.381220000000003
1316,9,21759.89,0,21.25989
1316,10,19562.38,0,19.06238
1316,11,20174.26,0,19.67426
1316,12,24658.26,0,24.15826
1317,11,9105.689999999999,1,42.73982999999999
1317,12,14901.14,1,83.30798
1318,9,442.71,0,0.44271
1318,10,18126.04,0,17.62604
1318,11,24675.5,0,24.1755
1318,12,19730.76,0,19.23076
1320,4,7123.42,0,6.62342
1320,5,20775.45,0,20.275450000000003
1320,6,13977.75,0,13.47775
1320,7,22011.8,0,21.5118
1320,8,21542.06,0,21.042060000000003
1320,9,13837.42,0,13.33742
1320,10,25016.95,0,24.51695
1320,11,19919.41,0,19.41941
1320,12,16113.69,0,15.61369
1321,6,17726.98,0,17.22698
1321,7,23604.01,0,23.10401
1321,8,19672.55,0,19.17255
1321,9,18633.06,0,18.13306
1321,10,22575.28,0,22.07528
1321,11,11822.98,0,11.32298
1321,12,23318.65,0,22.81865
1322,8,3565.98,0,3.06598
1322,9,10837.52,0,10.337520000000001
1322,10,10988.039999999999,0,10.48804
1322,11,17334.68,0,16.834680000000002
1322,12,16446.22,0,15.946220000000002
1323,12,1024.85,0,0.5248499999999999
1324,4,14162.32,0,13.66232
1324,5,17445.92,0,16.945919999999997
1324,6,20031.19,0,19.53119
1324,7,19783.35,0,19.28335
1324,8,13690.68,0,13.19068
1324,9,21604.98,0,21.10498
1324,10,17253.28,0,16.75328
1324,11,18287.93,0,17.78793
1324,12,16354.39,0,15.85439
1325,11,11366.88,0,10.86688
1325,12,27752.94,0,27.25294
1326,7,6962.71,0,6.46271
1326,8,10459.58,0,9.95958
1326,9,12098.38,0,11.598379999999999
1326,10,10387.66,0,9.88766
1326,11,11281.42,0,10.78142
1326,12,15196.55,0,14.69655
1327,8,3994.05,0,3.49405
1327,9,17782.3,0,17.2823
1327,10,25526.24,0,25.02624
1327,11,24008.46,0,23.50846
1327,12,17792.84,0,17.29284
1328,4,2749.33,0,2.24933
1328,5,30365.39,0,29.86539
1328,6,23829.72,0,23.329720000000002
1328,7,33929.09,0,33.429089999999995
1328,8,20790.01,0,20.29001
1328,9,21640.95,0,21.14095
1328,10,26601.6,0,26.101599999999998
1328,11,27468.84,0,26.96884
1328,12,23305.21,0,22.80521
1329,8,8187.5,1,36.3125
1329,9,25042.64,1,154.29848
1329,10,19957.28,1,118.70096
1329,11,26399.25,1,163.79475
1329,12,24477.48,1,150.34236
1330,11,9707.17,1,46.95019
1330,12,13301.48,1,72.11036
1331,8,16803.26,0,16.303259999999998
1331,9,16532.12,0,16.03212
1331,10,16136.86,0,15.63686
1331,11,15076.86,0,14.576860000000002
1331,12,19941.420000000002,0,19.44142
1332,8,24322.34,0,23.82234
1332,9,20557.87,0,20.057869999999998
1332,10,27824.6,0,27.3246
1332,11,22035.85,0,21.53585
1332,12,16736.15,0,16.236150000000002
1333,11,3883.26,1,6.182820000000001
1333,12,19292.0,1,114.044
1334,3,3122.4700000000003,0,2.6224700000000003
1334,4,15474.76,0,14.97476
1334,5,13006.869999999999,0,12.50687
1334,6,16899.0,0,16.399
1334,7,16446.57,0,15.94657
1334,8,18744.0,0,18.244
1334,9,14448.75,0,13.94875
1334,10,22539.13,0,22.03913
1334,11,18910.52,0,18.41052
1334,12,14517.44,0,14.01744
1335,6,17095.079999999998,0,16.59508
1335,7,19059.3,0,18.5593
1335,8,19817.77,0,19.31777
1335,9,16368.61,0,15.86861
1335,10,15412.87,0,14.912870000000002
1335,11,16938.26,0,16.43826
1335,12,16815.88,0,16.31588
1336,4,15947.11,0,15.44711
1336,5,16958.73,0,16.45873
1336,6,21448.15,0,20.948150000000002
1336,7,15982.41,0,15.48241
1336,8,14404.64,0,13.90464
1336,9,20770.59,0,20.270590000000002
1336,10,19156.29,0,18.656290000000002
1336,11,16129.76,0,15.629760000000001
1336,12,16760.65,0,16.260650000000002
1337,11,13300.93,0,12.800930000000001
1337,12,16976.91,0,16.47691
1338,8,14470.47,0,13.970469999999999
1338,9,17778.67,0,17.278669999999998
1338,10,15471.34,0,14.97134
1338,11,11790.83,0,11.29083
1338,12,21633.36,0,21.13336
1339,5,2041.1100000000001,0,1.5411100000000002
1339,6,4385.16,0,3.88516
1339,7,3718.19,0,3.2181900000000003
1339,8,3202.36,0,2.70236
1339,9,3912.87,0,3.41287
1339,10,2621.5,0,2.1215
1339,11,3762.38,0,3.2623800000000003
1339,12,3244.71,0,2.74471
1340,9,1206.47,0,0.70647
1340,11,951.91,0,0.45191
1340,12,1698.18,0,1.19818
1341,10,10692.23,0,10.19223
1341,11,22828.85,0,22.32885
1341,12,24142.4,0,23.642400000000002
1342,12,10998.39,0,10.498389999999999
1343,8,6755.25,0,6.25525
1343,9,15977.470000000001,0,15.477470000000002
1343,10,25146.93,0,24.64693
1343,11,16400.25,0,15.90025
1343,12,19107.89,0,18.60789
1344,12,4054.01,0,3.5540100000000003
1345,10,7134.83,0,6.63483
1345,11,8975.99,0,8.47599
1345,12,10821.75,0,10.32175
1346,4,3755.7200000000003,1,5.290040000000002
1346,5,17788.61,1,103.52027000000001
1346,6,19357.52,1,114.50264
1346,7,18018.92,1,105.13243999999999
1346,8,18292.01,1,107.04406999999999
1346,9,18006.84,1,105.04788
1346,10,18522.15,1,108.65505000000002
1346,11,19625.68,1,116.37976
1346,12,19142.64,1,112.99848
1347,7,522.18,1,3.6552599999999997
1347,8,18789.58,1,110.52706000000002
1347,9,13229.05,1,71.60334999999999
1347,10,21673.95,1,130.71765000000002
1347,11,23007.19,1,140.05033
1347,12,19117.2,1,112.8204
1348,10,14708.01,0,14.20801
1348,11,13081.88,0,12.58188
1348,12,13790.03,0,13.290030000000002
1349,10,13093.55,0,12.593549999999999
1349,11,15916.76,0,15.41676
1349,12,11626.51,0,11.12651
1350,11,4673.01,0,4.1730100000000006
1350,12,23837.95,0,23.337950000000003
1351,10,4823.99,1,12.767929999999998
1351,11,22272.39,1,134.90673
1351,12,22920.23,1,139.44161
1352,9,13135.2,1,70.94640000000001
1352,10,16150.11,1,92.05077
1352,11,11790.11,1,61.530770000000004
1352,12,17506.18,1,101.54326
1353,5,4799.35,0,4.2993500000000004
1353,6,11831.38,0,11.33138
1353,7,18882.97,0,18.38297
1353,8,22103.11,0,21.60311
1353,9,12464.66,0,11.96466
1353,10,17800.2,0,17.3002
1353,11,17435.7,0,16.9357
1353,12,11757.24,0,11.25724
1354,8,4191.78,1,8.342459999999999
1354,9,16230.36,1,92.61252
1354,10,17329.45,1,100.30615
1354,11,14823.28,1,82.76296
1354,12,18576.39,1,109.03473
1355,10,14624.16,0,14.12416
1355,11,14055.3,0,13.555299999999999
1355,12,18864.66,0,18.36466
1356,9,8430.54,0,7.9305400000000015
1356,10,21034.88,0,20.53488
1356,11,16053.37,0,15.553370000000001
1356,12,20225.01,0,19.725009999999997
1357,5,1099.78,0,0.59978
1357,6,7956.58,0,7.45658
1357,7,13514.5,0,13.0145
1357,8,18264.37,0,17.76437
1357,9,10072.15,0,9.57215
1357,10,1994.02,0,1.49402
1358,4,1689.01,0,1.1890100000000001
1358,5,18434.99,0,17.934990000000003
1358,6,16931.05,0,16.43105
1358,7,17198.61,0,16.698610000000002
1358,8,17708.56,0,17.208560000000002
1358,9,18290.43,0,17.79043
1358,10,16913.21,0,16.41321
1358,11,16537.9,0,16.0379
1358,12,3106.0,0,2.606
1359,2,20389.87,0,19.88987
1359,3,30347.760000000002,0,29.84776
1359,4,24968.65,0,24.46865
1359,5,24026.15,0,23.52615
1359,6,22923.94,0,22.423939999999998
1359,7,28072.11,0,27.572110000000002
1359,8,31854.07,0,31.35407
1359,9,30392.5,0,29.892500000000002
1359,10,27359.73,0,26.85973
1359,11,27295.55,0,26.79555
1359,12,32567.14,0,32.06714
1360,12,24053.57,0,23.55357
1361,5,1519.69,0,1.01969
1361,6,14532.0,0,14.032
1361,7,10531.35,0,10.03135
1361,8,20762.43,0,20.262430000000002
1361,9,16787.77,0,16.287770000000002
1361,10,15002.949999999999,0,14.502949999999998
1361,11,20289.99,0,19.789990000000003
1361,12,17396.73,0,16.89673
1362,1,6663.7,0,6.1636999999999995
1362,2,10761.2,0,10.2612
1362,3,17327.65,0,16.827650000000002
1362,4,12415.189999999999,0,11.915189999999999
1362,5,13929.710000000001,0,13.429710000000002
1362,6,18594.87,0,18.09487
1362,7,15172.02,0,14.672020000000002
1362,8,14741.83,0,14.24183
1362,9,12764.24,0,12.264240000000001
1362,10,14891.599999999999,0,14.391599999999999
1362,11,13289.27,0,12.78927
1362,12,12590.76,0,12.090760000000001
1363,9,10327.62,1,51.29334000000001
1363,10,16992.86,1,97.95002000000001
1363,11,16635.67,1,95.44968999999999
1363,12,16967.48,1,97.77235999999999
1364,8,9403.85,0,8.90385
1364,9,14818.32,0,14.31832
1364,10,16001.05,0,15.50105
1364,11,15198.470000000001,0,14.698470000000002
1364,12,18299.85,0,17.79985
1365,6,1021.3299999999999,0,0.52133
1365,7,5979.39,0,5.47939
1365,8,6337.42,0,5.83742
1365,9,6785.66,0,6.28566
1365,10,9291.87,0,8.791870000000001
1365,11,5833.38,0,5.33338
1365,12,8219.25,0,7.71925
1366,8,7086.05,0,6.58605
1366,9,18379.32,0,17.87932
1366,10,20094.09,0,19.59409
1366,11,17712.87,0,17.21287
1366,12,19840.1,0,19.3401
1367,7,4797.96,0,4.29796
1367,8,19263.99,0,18.763990000000003
1367,9,17124.37,0,16.62437
1367,10,19212.84,0,18.71284
1367,11,17176.25,0,16.67625
1367,12,18311.65,0,17.81165
1368,5,6694.12,1,25.85884
1368,6,17217.41,1,99.52187
1368,7,15608.75,1,88.26125
1368,8,15974.84,1,90.82388
1368,9,16097.130000000001,1,91.67991
1368,10,15748.130000000001,1,89.23691000000001
1368,11,20009.53,1,119.06671
1368,12,19930.15,1,118.51105000000001
1369,11,14111.37,0,13.61137
1369,12,36721.64,0,36.22164
1370,9,9120.39,1,42.842729999999996
1370,10,17783.65,1,103.48555000000002
1370,11,13425.23,1,72.97661
1370,12,14854.91,1,82.98437
1371,10,2798.14,0,2.29814
1371,11,17404.33,0,16.90433
1371,12,22576.56,0,22.07656
1372,12,17709.79,0,17.20979
1373,9,9103.43,1,42.72401
1373,10,32574.06,1,207.01842000000002
1373,11,27351.95,1,170.46365
1373,12,34226.6,1,218.5862
1374,4,2383.4300000000003,0,1.8834300000000004
1374,5,27653.7,0,27.1537
1374,6,34402.65,0,33.90265
1374,7,30206.72,0,29.70672
1374,8,35291.24,0,34.79124
1374,9,20353.13,0,19.85313
1374,10,30118.56,0,29.618560000000002
1374,11,25042.12,0,24.54212
1374,12,29769.14,0,29.26914
1375,12,13623.69,0,13.123690000000002
1376,11,19320.3,1,114.2421
1376,12,16708.54,1,95.95978000000001
1377,7,7818.31,0,7.31831
1377,8,26388.18,0,25.888180000000002
1377,9,21217.58,0,20.71758
1377,10,18502.16,0,18.00216
1377,11,21815.05,0,21.31505
1377,12,23570.07,0,23.07007
1379,11,17772.3,0,17.2723
1379,12,67969.29,0,67.46929
1380,9,15455.84,1,87.19088
1380,10,19458.39,1,115.20873
1380,11,17216.86,1,99.51802
1380,12,22590.36,1,137.13252
1381,9,11830.35,0,11.330350000000001
1381,10,25191.23,0,24.69123
1381,11,23676.260000000002,0,23.176260000000003
1381,12,20176.93,0,19.676930000000002
1382,6,2652.67,1,18.56869
1382,7,13018.42,1,70.12894
1382,8,10217.82,1,50.52474
1382,9,17098.71,1,98.69097
1382,10,13547.0,1,73.82900000000001
1382,11,10000.14,1,49.00098
1382,12,10969.81,1,55.788669999999996
1383,10,12730.13,1,68.11090999999999
1383,11,19636.23,1,116.45361
1383,12,22985.49,1,139.89843000000002
1384,6,15320.45,1,86.24315
1384,7,25450.13,1,157.15091
1384,8,19284.27,1,113.98989
1384,9,17950.09,1,104.65063
1384,10,23924.67,1,146.47269
1384,11,18786.93,1,110.50851
1384,12,22372.07,1,135.60449
1385,3,1995.3600000000001,0,1.4953600000000002
1385,4,11963.56,0,11.46356
1385,5,15323.26,0,14.823260000000001
1385,6,12958.42,0,12.45842
1385,7,17677.38,0,17.177380000000003
1385,8,15329.76,0,14.82976
1385,9,17843.89,0,17.34389
1385,10,14995.29,0,14.49529
1385,11,19303.91,0,18.803910000000002
1385,12,16602.79,0,16.102790000000002
1386,11,6493.4400000000005,0,5.9934400000000005
1386,12,21874.71,0,21.37471
1387,8,15048.75,0,14.54875
1387,9,22529.03,0,22.02903
1387,10,19401.95,0,18.90195
1387,11,18819.49,0,18.319490000000002
1387,12,20847.72,0,20.347720000000002
1388,12,13262.79,1,71.83953000000001
1389,5,13713.87,1,74.99709000000001
1389,6,22296.51,1,135.07557
1389,7,17489.45,1,101.42615
1389,8,18462.47,1,108.23729000000002
1389,9,22814.89,1,138.70423
1389,10,20259.49,1,120.81643000000001
1389,11,19307.7,1,114.15390000000001
1389,12,16853.23,1,96.97261
1390,4,13907.61,1,76.35327000000001
1390,5,16499.79,1,94.49853
1390,6,11284.52,1,57.991640000000004
1390,7,11529.56,1,59.70692
1390,8,17407.84,1,100.85488000000001
1390,9,11261.67,1,57.83169
1390,10,13239.18,1,71.67426
1390,11,12933.06,1,69.53142
1390,12,15801.78,1,89.61246000000001
1391,9,9530.32,1,45.71224
1391,10,16096.48,1,91.67536
1391,11,17904.5,1,104.3315
1391,12,17510.47,1,101.57329000000001
1392,7,9697.18,0,9.197180000000001
1392,8,22008.12,0,21.508119999999998
1392,9,24137.69,0,23.63769
1392,10,25307.31,0,24.80731
1392,11,19132.04,0,18.63204
1392,12,16661.75,0,16.16175
1393,11,10050.31,0,9.55031
1393,12,14164.82,0,13.66482
1394,9,2756.23,0,2.25623
1394,10,18905.48,0,18.40548
1394,11,12997.539999999999,0,12.497539999999999
1394,12,16636.93,0,16.13693
1395,12,11144.27,1,57.009890000000006
1396,8,13025.09,0,12.52509
1396,9,23568.2,0,23.0682
1396,10,18479.3,0,17.9793
1396,11,15794.75,0,15.29475
1397,6,17000.579999999998,0,16.50058
1397,7,24072.19,0,23.57219
1397,8,21243.82,0,20.74382
1397,9,21465.829999999998,0,20.965829999999997
1397,10,24908.54,0,24.408540000000002
1397,11,17428.53,0,16.92853
1397,12,23848.13,0,23.34813
1398,10,4998.26,0,4.49826
1398,11,13481.02,0,12.981020000000001
1398,12,16227.8,0,15.7278
1399,6,15479.970000000001,0,14.979970000000002
1399,7,22739.04,0,22.239040000000003
1399,8,22919.13,0,22.419130000000003
1399,9,20994.26,0,20.49426
1399,10,24639.04,0,24.13904
1399,11,18687.88,0,18.18788
1399,12,27623.27,0,27.12327
1400,3,13665.49,0,13.16549
1400,4,14425.98,0,13.92598
1400,5,15556.34,0,15.05634
1400,6,14502.51,0,14.002510000000001
1400,7,20903.97,0,20.40397
1400,8,10996.3,0,10.4963
1400,9,14336.67,0,13.83667
1400,10,17794.55,0,17.29455
1400,11,11720.51,0,11.22051
1400,12,20651.25,0,20.15125
1401,8,630.23,1,4.4116100000000005
1401,9,6082.25,1,21.57575
1401,10,13073.550000000001,1,70.51485000000001
1401,11,8047.61,1,35.33327
1401,12,8407.64,1,37.85348
1402,9,8980.36,0,8.480360000000001
1402,10,17302.54,0,16.80254
1402,11,13822.9,0,13.3229
1402,12,15993.8,0,15.4938
1403,3,9018.12,1,42.12684000000001
1403,4,25723.23,1,159.06261
1403,5,26601.19,1,165.20833
1403,6,19777.2,1,117.44040000000001
1403,7,18276.48,1,106.93536
1403,8,22856.59,1,138.99613
1403,9,32689.18,1,207.82426
1403,10,31103.88,1,196.72716
1403,11,23633.75,1,144.43625
1403,12,23064.46,1,140.45122
1404,8,21217.65,0,20.717650000000003
1404,9,17431.96,0,16.93196
1404,10,22614.74,0,22.11474
1404,11,13897.07,0,13.39707
1404,12,18558.6,0,18.0586
1405,6,5066.43,1,14.465010000000003
1405,7,15911.35,1,90.37945
1405,8,21700.03,1,130.90021
1405,9,17472.55,1,101.30785
1405,10,18971.88,1,111.80316
1405,11,20133.35,1,119.93345
1405,12,13959.07,1,76.71349
1406,3,1287.32,0,0.7873199999999999
1406,4,17976.86,0,17.476860000000002
1406,5,13835.11,0,13.33511
1406,6,17191.12,0,16.691119999999998
1406,7,18499.22,0,17.99922
1406,8,25606.58,0,25.10658
1406,9,19152.72,0,18.652720000000002
1406,10,17894.79,0,17.39479
1406,11,22737.98,0,22.23798
1406,12,23704.96,0,23.20496
1407,11,290.06,1,2.03042
1407,12,19168.69,1,113.18083
1408,2,10578.65,0,10.07865
1408,3,17239.51,0,16.73951
1408,4,13563.2,0,13.0632
1408,5,12856.42,0,12.35642
1408,6,17065.78,0,16.56578
1408,7,13941.88,0,13.44188
1408,8,17535.93,0,17.03593
1408,9,16432.86,0,15.932860000000002
1408,10,14609.46,0,14.109459999999999
1408,11,14361.37,0,13.86137
1408,12,14509.98,0,14.00998
1409,10,11856.73,1,61.99711
1409,11,23534.62,1,143.74233999999998
1409,12,17510.94,1,101.57657999999999
1410,10,17462.01,0,16.96201
1410,11,20312.23,0,19.81223
1410,12,16557.76,0,16.05776
1411,8,8987.55,0,8.487549999999999
1411,9,14876.91,0,14.37691
1411,10,10207.16,0,9.70716
1411,11,11204.05,0,10.704049999999999
1411,12,9805.6,0,9.3056
1412,6,7606.55,1,32.245850000000004
1412,7,21997.13,1,132.97991000000002
1412,8,14893.45,1,83.25415000000001
1412,9,14190.84,1,78.33588
1412,10,17355.5,1,100.4885
1412,11,12671.77,1,67.70239000000001
1412,12,13315.6,1,72.20920000000001
1413,12,14370.95,0,13.87095
1414,8,962.46,0,0.46246000000000004
1414,9,25017.63,0,24.51763
1414,10,25002.88,0,24.50288
1414,11,26856.13,0,26.35613
1414,12,30361.91,0,29.86191
1415,7,17650.66,0,17.15066
1415,8,20240.43,0,19.74043
1415,9,20991.89,0,20.49189
1415,10,17408.010000000002,0,16.90801
1415,11,22046.84,0,21.54684
1415,12,20537.11,0,20.037110000000002
1416,10,16622.87,0,16.12287
1416,11,16217.49,0,15.71749
1416,12,32586.53,0,32.086529999999996
1417,6,3706.6899999999996,1,4.946829999999998
1417,7,24898.75,1,153.29125
1417,8,18795.23,1,110.56661
1417,9,14865.82,1,83.06074
1417,10,24777.03,1,152.43921
1417,11,21094.99,1,126.66493000000001
1417,12,21970.57,1,132.79399
1418,8,9019.29,0,8.519290000000002
1418,9,33259.15,0,32.759150000000005
1418,10,33917.73,0,33.417730000000006
1418,11,36259.39,0,35.75939
1418,12,41924.69,0,41.424690000000005
1419,11,5569.26,0,5.069260000000001
1419,12,19306.89,0,18.80689
1420,7,1031.01,1,7.21707
1420,8,18042.59,1,105.29813
1420,9,14852.43,1,82.96701
1420,10,15789.95,1,89.52965
1420,11,17392.77,1,100.74939
1420,12,20157.010000000002,1,120.09907000000001
1421,10,7633.58,0,7.13358
1421,11,16629.12,0,16.12912
1421,12,19285.77,0,18.78577
1422,10,8955.2,1,41.686400000000006
1422,11,13287.960000000001,1,72.01572
1422,12,12941.34,1,69.58938
1423,10,10311.59,0,9.81159
1423,11,1414.13,0,0.9141300000000001
1424,11,3940.5,1,6.5835
1424,12,30371.78,1,191.60246
1425,9,8236.64,0,7.7366399999999995
1425,10,18265.6,0,17.7656
1425,11,23576.4,0,23.076400000000003
1425,12,16540.8,0,16.0408
1426,11,13282.26,1,71.97582
1426,12,26916.489999999998,1,167.41543
1427,5,3175.3,1,1.2271000000000012
1427,6,11055.7,1,56.389900000000004
1427,7,10185.720000000001,1,50.30004000000001
1427,8,12924.07,1,69.46849
1427,9,6806.49,1,26.645429999999998
1427,10,12636.61,1,67.45627
1427,11,5908.5,1,20.3595
1427,12,7606.02,1,32.242140000000006
1428,10,2875.72,0,2.37572
1428,11,17051.28,0,16.55128
1428,12,20189.02,0,19.68902
1429,12,6770.01,0,6.27001
1430,12,20262.38,0,19.76238
1431,10,1761.48,0,1.26148
1431,11,22610.4,0,22.110400000000002
1431,12,23992.0,0,23.492
1432,10,8402.19,1,37.81533
1432,11,18158.84,1,106.11188
1432,12,17531.86,1,101.72302
1433,9,8261.57,1,36.83099
1433,10,29147.48,1,183.03236
1433,11,24238.68,1,148.67076
1433,12,24852.22,1,152.96554
1434,3,16012.38,0,15.51238
1434,4,11664.64,0,11.16464
1434,5,9306.31,0,8.80631
1434,6,14515.06,0,14.01506
1434,7,13130.24,0,12.63024
1434,8,15150.66,0,14.65066
1434,9,15125.96,0,14.62596
1434,10,12090.0,0,11.59
1434,11,14944.82,0,14.44482
1434,12,17611.43,0,17.111430000000002
1435,9,17068.06,1,98.47642
1435,10,25797.48,1,159.58236
1435,11,32419.68,1,205.93776
1435,12,24914.07,1,153.39849
1436,8,3598.71,1,4.19097
1436,9,20272.2,1,120.90540000000001
1436,10,16018.68,1,91.13076000000001
1436,11,14372.53,1,79.60771000000001
1436,12,16480.68,1,94.36476
1437,11,15189.99,0,14.68999
1437,12,19789.64,0,19.28964
1438,9,6473.38,0,5.973380000000001
1438,10,17741.66,0,17.24166
1438,11,18409.59,0,17.90959
1438,12,21041.52,0,20.541520000000002
1439,5,13808.46,0,13.30846
1439,6,17482.93,0,16.98293
1439,7,20221.49,0,19.721490000000003
1439,8,12147.63,0,11.64763
1439,9,12222.24,0,11.72224
1439,10,16420.16,0,15.920160000000001
1439,11,13855.92,0,13.355920000000001
1439,12,21830.62,0,21.33062
1440,5,2310.58,0,1.8105799999999999
1440,6,18571.69,0,18.07169
1440,7,17157.739999999998,0,16.657739999999997
1440,8,20524.46,0,20.02446
1440,9,23276.3,0,22.7763
1440,10,19872.95,0,19.37295
1440,11,15026.33,0,14.52633
1440,12,14961.93,0,14.46193
1441,11,8406.23,1,37.84361
1441,12,28844.55,1,180.91185
1442,12,13136.69,1,70.95683000000001
1443,11,12661.380000000001,0,12.161380000000001
1443,12,27578.4,0,27.078400000000002
1444,8,11984.29,0,11.484290000000001
1444,9,16978.89,0,16.47889
1444,10,24813.96,0,24.313959999999998
1444,11,22308.93,0,21.80893
1444,12,18972.2,0,18.4722
1445,3,5096.67,1,14.67669
1445,4,10811.11,1,54.67777
1445,5,16434.59,1,94.04213
1445,6,14805.7,1,82.63990000000001
1445,7,10826.2,1,54.78340000000001
1445,8,14180.12,1,78.26084
1445,9,7597.99,1,32.18593
1446,9,12604.44,0,12.10444
1446,10,23951.43,0,23.451430000000002
1446,11,19006.170000000002,0,18.50617
1446,12,19804.02,0,19.30402
1447,10,6043.8,0,5.5438
1447,11,38990.9,0,38.4909
1447,12,37464.81,0,36.96481
1448,10,7920.65,0,7.42065
1448,11,12481.52,0,11.981520000000002
1448,12,12864.8,0,12.364799999999999
1449,10,17447.79,0,16.94779
1449,11,15827.64,0,15.32764
1449,12,24200.95,0,23.700950000000002
1450,12,16307.13,1,93.14990999999999
1451,8,6150.17,1,22.051190000000002
1451,9,11951.66,1,62.66162
1451,10,13541.86,1,73.79302000000001
1451,11,14708.82,1,81.96174
1451,12,12707.18,1,67.95026
1452,12,92.68,0,0.09268000000000001
1453,11,17263.27,1,99.84289000000001
1453,12,16873.74,1,97.11618000000001
1454,7,5262.1,1,15.834700000000003
1454,8,21859.82,1,132.01874
1454,9,22465.41,1,136.25787
1454,10,22225.08,1,134.57556000000002
1454,11,13340.98,1,72.38686
1454,12,21051.71,1,126.36197
1455,11,9030.27,0,8.53027
1455,12,626.94,0,0.12694000000000005
1456,6,12266.66,1,64.86662
1456,7,14010.35,1,77.07245
1456,8,10448.03,1,52.136210000000005
1456,9,11535.48,1,59.74836
1456,10,7625.469999999999,1,32.37828999999999
1456,11,12935.59,1,69.54913
1456,12,12405.6,1,65.8392
1457,12,13148.93,0,12.64893
1458,7,4700.98,1,11.906859999999996
1458,8,16003.72,1,91.02604
1458,9,21516.32,1,129.61424
1458,10,17622.3,1,102.3561
1458,11,16866.45,1,97.06515
1458,12,15377.64,1,86.64348
1459,11,21549.01,1,129.84306999999998
1459,12,29330.38,1,184.31266000000002
1460,5,2292.12,1,16.04484
1460,6,32325.82,1,205.28074
1460,7,28316.34,1,177.21438
1460,8,29968.06,1,188.77642
1460,9,34839.23,1,222.87461000000002
1460,10,29750.14,1,187.25098
1460,11,23753.32,1,145.27324
1460,12,28397.23,1,177.78061
1461,9,5254.08,0,4.75408
1461,10,13960.74,0,13.46074
1461,11,12714.04,0,12.21404
1461,12,11126.94,0,10.626940000000001
1462,10,7522.16,1,31.65512
1462,11,8576.98,1,39.03886
1462,12,14831.44,1,82.82008
1464,11,13309.59,0,12.80959
1464,12,18693.79,0,18.19379
1465,6,1910.47,1,13.37329
1465,7,14887.48,1,83.21236
1465,8,19231.79,1,113.62253000000001
1465,9,15782.97,1,89.48079
1465,10,20287.35,1,121.01145
1465,11,14773.7,1,82.41590000000001
1465,12,14102.59,1,77.71813
1466,5,7127.48,0,6.627479999999999
1466,6,12559.35,0,12.05935
1466,7,19761.29,0,19.261290000000002
1466,8,14284.36,0,13.784360000000001
1466,9,17916.48,0,17.41648
1466,10,14944.62,0,14.44462
1466,11,13191.03,0,12.691030000000001
1466,12,11303.25,0,10.80325
1467,4,7094.45,1,28.66115
1467,5,16708.5,1,95.9595
1467,6,23451.85,1,143.16295
1467,7,14754.23,1,82.27961
1467,8,20058.64,1,119.41047999999999
1467,9,14323.21,1,79.26247
1467,10,21104.02,1,126.72814000000001
1467,11,16306.75,1,93.14725
1467,12,18368.02,1,107.57614000000001
1468,9,11179.41,0,10.67941
1468,10,18878.46,0,18.37846
1468,11,18506.9,0,18.0069
1468,12,11986.52,0,11.48652
1469,11,5281.19,0,4.78119
1469,12,30828.829999999998,0,30.32883
1471,10,6633.16,0,6.13316
1471,11,4882.48,0,4.382479999999999
1472,4,9866.09,0,9.36609
1472,5,14846.87,0,14.346870000000001
1472,6,18977.18,0,18.47718
1472,7,12512.91,0,12.01291
1472,8,15052.960000000001,0,14.55296
1472,9,16502.77,0,16.00277
1472,10,9412.11,0,8.91211
1474,8,5336.52,0,4.83652
1474,9,23424.65,0,22.924650000000003
1474,10,18214.11,0,17.71411
1474,11,18222.36,0,17.722360000000002
1474,12,16890.59,0,16.39059
1475,7,4130.99,1,7.916929999999999
1475,8,17303.72,1,100.12604
1475,9,17234.78,1,99.64345999999999
1475,10,15670.57,1,88.69399
1475,11,18927.32,1,111.49124
1475,12,17627.66,1,102.39362
1476,6,5223.14,1,15.561980000000002
1476,7,5481.2,1,17.368399999999998
1476,8,10098.07,1,49.68649
1476,9,11263.34,1,57.84338
1476,10,8229.19,1,36.604330000000004
1476,11,9388.94,1,44.72258000000001
1476,12,11280.41,1,57.96287
1477,10,9072.78,1,42.509460000000004
1477,11,17377.71,1,100.64397
1477,12,27961.49,1,174.73043
1478,8,10824.8,1,54.773599999999995
1478,9,18199.59,1,106.39713
1478,10,12314.99,1,65.20493
1478,11,16216.44,1,92.51508000000001
1478,12,21347.44,1,128.43207999999998
1479,11,4123.18,0,3.6231800000000005
1479,12,9779.48,0,9.27948
1480,12,8805.51,0,8.30551
1481,12,1265.78,0,0.76578
1482,11,20245.8,1,120.72059999999999
1482,12,560.33,1,3.9223100000000004
1483,4,316.56,0,0.31656
1483,5,14546.51,0,14.046510000000001
1483,6,12991.18,0,12.49118
1483,7,13573.8,0,13.0738
1483,8,10954.0,0,10.454
1483,9,12195.88,0,11.695879999999999
1483,10,14056.45,0,13.556450000000002
1483,11,9338.99,0,8.83899
1484,12,7294.5199999999995,0,6.7945199999999994
1485,12,18278.95,0,17.778950000000002
1486,12,20312.83,0,19.81283
1487,12,13992.39,1,76.94673
1488,5,13767.4,0,13.2674
1488,6,18894.53,0,18.39453
1488,7,27500.4,0,27.000400000000003
1488,8,23148.89,0,22.64889
1488,9,16788.58,0,16.288580000000003
1488,10,22980.46,0,22.48046
1488,11,19159.52,0,18.65952
1488,12,19805.73,0,19.30573
1489,9,12713.35,0,12.21335
1489,10,14695.08,0,14.19508
1489,11,18266.25,0,17.76625
1489,12,15321.07,0,14.82107
1490,7,6411.5199999999995,1,23.880639999999996
1490,8,36569.68,1,234.98776
1490,9,34920.35,1,223.44245
1490,10,36997.03,1,237.97921
1490,11,24505.67,1,150.53968999999998
1490,12,44939.55,1,293.57685000000004
1491,5,6464.49,0,5.96449
1491,6,9813.79,0,9.313790000000001
1491,7,7833.29,0,7.33329
1491,8,10245.84,0,9.745840000000001
1491,9,7040.5,0,6.5405
1491,10,8480.09,0,7.980090000000001
1491,11,5185.73,0,4.6857299999999995
1491,12,6766.42,0,6.26642
1492,9,3173.95,0,2.67395
1492,10,11826.22,0,11.32622
1492,11,16969.08,0,16.46908
1492,12,8854.71,0,8.354709999999999
1493,8,14137.82,1,77.96474
1493,9,13741.99,1,75.19393
1493,10,16329.57,1,93.30699
1493,11,15630.78,1,88.41546000000001
1493,12,15289.09,1,86.02363
1494,7,10509.24,0,10.00924
1494,8,16492.04,0,15.992040000000001
1494,9,14957.9,0,14.4579
1494,10,14498.5,0,13.9985
1494,11,18405.82,0,17.90582
1494,12,15302.45,0,14.80245
1495,9,22981.37,0,22.48137
1495,10,26899.41,0,26.39941
1495,11,24912.78,0,24.412779999999998
1495,12,24097.4,0,23.5974
1496,8,8605.66,0,8.10566
1496,9,16389.27,0,15.889270000000002
1496,10,14287.36,0,13.787360000000001
1496,11,8547.36,0,8.047360000000001
1496,12,16438.989999999998,0,15.938989999999999
1497,12,9885.11,1,48.19577
1498,2,19822.04,0,19.32204
1498,3,19744.34,0,19.24434
1498,4,19878.86,0,19.37886
1498,5,22462.17,0,21.96217
1498,6,14807.18,0,14.30718
1498,7,24834.37,0,24.33437
1498,8,20261.89,0,19.76189
1498,9,22827.28,0,22.32728
1498,10,20580.76,0,20.080759999999998
1498,11,19168.55,0,18.66855
1498,12,23137.69,0,22.63769
1499,9,12984.76,0,12.48476
1499,10,19492.43,0,18.992430000000002
1499,11,15580.97,0,15.080969999999999
1499,12,20614.239999999998,0,20.11424
