user_id,month,message_count,plan_encoded,totalcost
1000,12,11,1,0.11
1001,8,30,0,0.8999999999999999
1001,9,44,0,1.3199999999999998
1001,10,53,0,1.5899999999999999
1001,11,36,0,1.08
1001,12,44,0,1.3199999999999998
1002,10,15,0,0.44999999999999996
1002,11,32,0,0.96
1002,12,41,0,1.23
1003,12,50,0,1.5
1004,5,7,0,0.21
1004,6,18,0,0.54
1004,7,26,0,0.78
1004,8,25,0,0.75
1004,9,21,0,0.63
1004,10,24,0,0.72
1004,11,25,0,0.75
1004,12,31,0,0.9299999999999999
1005,12,11,0,0.32999999999999996
1006,11,15,1,0.15
1006,12,139,1,1.3900000000000001
1007,8,51,0,1.53
1007,9,47,0,1.41
1007,10,59,0,1.77
1007,11,48,0,1.44
1007,12,50,0,1.5
1008,10,21,1,0.21
1008,11,37,1,0.37
1008,12,26,1,0.26
1011,6,21,1,0.21
1011,7,53,1,0.53
1011,8,54,1,0.54
1011,9,60,1,0.6
1011,10,64,1,0.64
1011,11,58,1,0.58
1011,12,61,1,0.61
1013,12,16,1,0.16
1014,11,9,0,0.27
1014,12,64,0,1.92
1015,12,68,0,2.04
1016,10,11,0,0.32999999999999996
1016,11,46,0,1.38
1016,12,38,0,1.14
1017,8,5,0,0.15
1017,9,41,0,1.23
1017,10,35,0,1.05
1017,11,29,0,0.87
1017,12,42,0,1.26
1018,10,3,0,0.09
1018,11,5,0,0.15
1018,12,8,0,0.24
1019,11,24,0,0.72
1019,12,128,0,3.84
1020,11,1,0,0.03
1020,12,3,0,0.09
1023,7,5,0,0.15
1023,8,6,0,0.18
1026,7,9,1,0.09
1026,8,13,1,0.13
1027,7,18,0,0.54
1027,8,13,0,0.39
1027,9,12,0,0.36
1027,10,12,0,0.36
1027,11,10,0,0.3
1027,12,13,0,0.39
1028,2,12,1,0.12
1028,3,66,1,0.66
1028,4,77,1,0.77
1028,5,84,1,0.84
1028,6,66,1,0.66
1028,7,85,1,0.85
1028,8,74,1,0.74
1028,9,68,1,0.68
1028,10,73,1,0.73
1028,11,77,1,0.77
1028,12,74,1,0.74
1029,8,2,0,0.06
1029,9,9,0,0.27
1029,10,12,0,0.36
1029,11,16,0,0.48
1029,12,11,0,0.32999999999999996
1030,10,9,1,0.09
1030,11,11,1,0.11
1030,12,10,1,0.1
1031,7,1,1,0.01
1031,8,2,1,0.02
1031,9,3,1,0.03
1031,10,2,1,0.02
1031,11,1,1,0.01
1031,12,5,1,0.05
1032,11,22,1,0.22
1032,12,20,1,0.2
1033,9,5,1,0.05
1033,10,34,1,0.34
1033,11,37,1,0.37
1033,12,32,1,0.32
1034,8,4,0,0.12
1035,12,66,0,1.98
1036,6,19,1,0.19
1036,7,63,1,0.63
1036,8,77,1,0.77
1036,9,83,1,0.8300000000000001
1036,10,75,1,0.75
1036,11,76,1,0.76
1036,12,45,1,0.45
1037,12,44,1,0.44
1038,10,36,1,0.36
1038,11,106,1,1.06
1038,12,113,1,1.1300000000000001
1039,6,4,1,0.04
1039,7,30,1,0.3
1039,8,23,1,0.23
1039,9,25,1,0.25
1039,10,23,1,0.23
1039,11,17,1,0.17
1039,12,25,1,0.25
1043,6,30,1,0.3
1043,7,85,1,0.85
1043,8,102,1,1.02
1043,9,101,1,1.01
1043,10,87,1,0.87
1043,11,107,1,1.07
1043,12,87,1,0.87
1044,9,47,0,1.41
1044,10,45,0,1.3499999999999999
1044,11,37,0,1.1099999999999999
1044,12,31,0,0.9299999999999999
1045,10,34,0,1.02
1045,11,49,0,1.47
1045,12,47,0,1.41
1046,6,20,0,0.6
1046,7,51,0,1.53
1046,8,38,0,1.14
1046,9,39,0,1.17
1046,10,27,0,0.8099999999999999
1046,11,31,0,0.9299999999999999
1046,12,32,0,0.96
1047,12,7,1,0.07
1051,12,60,0,1.7999999999999998
1052,11,52,0,1.56
1052,12,266,0,7.9799999999999995
1053,8,13,0,0.39
1053,9,21,0,0.63
1053,10,13,0,0.39
1053,11,16,0,0.48
1053,12,12,0,0.36
1054,4,6,0,0.18
1054,5,27,0,0.8099999999999999
1054,6,24,0,0.72
1054,7,25,0,0.75
1054,8,28,0,0.84
1054,9,30,0,0.8999999999999999
1054,10,41,0,1.23
1054,11,28,0,0.84
1054,12,37,0,1.1099999999999999
1055,5,48,0,1.44
1055,6,68,0,2.04
1055,7,79,0,2.37
1055,8,94,0,2.82
1055,9,74,0,2.2199999999999998
1055,10,72,0,2.16
1055,11,95,0,2.85
1055,12,78,0,2.34
1056,7,3,0,0.09
1056,8,37,0,1.1099999999999999
1056,9,37,0,1.1099999999999999
1056,10,28,0,0.84
1056,11,39,0,1.17
1056,12,42,0,1.26
1057,9,21,1,0.21
1057,10,131,1,1.31
1057,11,111,1,1.11
1057,12,137,1,1.37
1058,11,29,0,0.87
1058,12,26,0,0.78
1059,4,20,1,0.2
1059,5,76,1,0.76
1059,6,64,1,0.64
1059,7,55,1,0.55
1059,8,65,1,0.65
1059,9,63,1,0.63
1059,10,58,1,0.58
1059,11,66,1,0.66
1059,12,66,1,0.66
1060,8,38,0,1.14
1060,9,66,0,1.98
1060,10,74,0,2.2199999999999998
1060,11,69,0,2.07
1060,12,83,0,2.4899999999999998
1061,4,17,1,0.17
1061,5,61,1,0.61
1061,6,49,1,0.49
1061,7,58,1,0.58
1061,8,71,1,0.71
1061,9,63,1,0.63
1061,10,54,1,0.54
1061,11,56,1,0.56
1061,12,93,1,0.93
1062,4,5,1,0.05
1062,5,13,1,0.13
1062,6,8,1,0.08
1062,7,13,1,0.13
1062,8,9,1,0.09
1062,9,8,1,0.08
1062,10,8,1,0.08
1062,11,7,1,0.07
1062,12,9,1,0.09
1064,6,3,0,0.09
1064,7,24,0,0.72
1064,8,15,0,0.44999999999999996
1064,9,25,0,0.75
1064,10,19,0,0.57
1064,11,21,0,0.63
1064,12,26,0,0.78
1065,9,14,0,0.42
1065,10,29,0,0.87
1065,11,29,0,0.87
1065,12,28,0,0.84
1066,3,31,0,0.9299999999999999
1066,4,32,0,0.96
1066,5,27,0,0.8099999999999999
1066,6,34,0,1.02
1066,7,36,0,1.08
1066,8,43,0,1.29
1066,9,31,0,0.9299999999999999
1066,10,36,0,1.08
1066,11,37,0,1.1099999999999999
1066,12,29,0,0.87
1067,9,11,0,0.32999999999999996
1067,10,29,0,0.87
1067,11,39,0,1.17
1067,12,20,0,0.6
1069,9,51,1,0.51
1069,10,119,1,1.19
1069,11,102,1,1.02
1069,12,98,1,0.98
1070,12,17,0,0.51
1072,7,6,0,0.18
1072,8,20,0,0.6
1072,9,18,0,0.54
1072,10,15,0,0.44999999999999996
1072,11,17,0,0.51
1072,12,18,0,0.54
1075,9,48,0,1.44
1075,10,81,0,2.4299999999999997
1075,11,64,0,1.92
1075,12,51,0,1.53
1076,7,9,0,0.27
1076,8,156,0,4.68
1076,9,145,0,4.35
1076,10,159,0,4.77
1076,11,139,0,4.17
1076,12,132,0,3.96
1077,1,37,1,0.37
1077,2,67,1,0.67
1077,3,72,1,0.72
1077,4,57,1,0.5700000000000001
1077,5,77,1,0.77
1077,6,81,1,0.81
1077,7,73,1,0.73
1077,8,79,1,0.79
1077,9,63,1,0.63
1077,10,63,1,0.63
1077,11,56,1,0.56
1077,12,79,1,0.79
1078,11,36,0,1.08
1078,12,32,0,0.96
1079,7,7,0,0.21
1079,8,71,0,2.13
1079,9,97,0,2.9099999999999997
1079,10,71,0,2.13
1079,11,66,0,1.98
1079,12,84,0,2.52
1080,8,31,0,0.9299999999999999
1080,9,64,0,1.92
1080,10,59,0,1.77
1080,11,50,0,1.5
1080,12,61,0,1.8299999999999998
1081,4,3,0,0.09
1081,5,23,0,0.69
1081,6,28,0,0.84
1081,7,32,0,0.96
1081,8,28,0,0.84
1081,9,34,0,1.02
1081,10,26,0,0.78
1081,11,31,0,0.9299999999999999
1081,12,26,0,0.78
1082,4,15,0,0.44999999999999996
1082,5,28,0,0.84
1082,6,22,0,0.6599999999999999
1082,7,30,0,0.8999999999999999
1082,8,30,0,0.8999999999999999
1082,9,34,0,1.02
1082,10,38,0,1.14
1082,11,15,0,0.44999999999999996
1082,12,31,0,0.9299999999999999
1083,10,4,0,0.12
1083,11,11,0,0.32999999999999996
1083,12,9,0,0.27
1084,10,36,0,1.08
1084,11,93,0,2.79
1084,12,81,0,2.4299999999999997
1086,12,74,1,0.74
1087,11,18,0,0.54
1087,12,47,0,1.41
1088,5,8,1,0.08
1088,6,37,1,0.37
1088,7,46,1,0.46
1088,8,42,1,0.42
1088,9,57,1,0.5700000000000001
1088,10,53,1,0.53
1088,11,47,1,0.47000000000000003
1088,12,68,1,0.68
1089,12,27,0,0.8099999999999999
1090,5,19,0,0.57
1090,6,27,0,0.8099999999999999
1090,7,24,0,0.72
1090,8,22,0,0.6599999999999999
1090,9,21,0,0.63
1090,10,21,0,0.63
1090,11,24,0,0.72
1090,12,31,0,0.9299999999999999
1091,10,35,1,0.35000000000000003
1091,11,51,1,0.51
1092,12,19,0,0.57
1093,12,17,0,0.51
1094,11,50,0,1.5
1094,12,49,0,1.47
1095,4,1,0,0.03
1095,5,11,0,0.32999999999999996
1095,6,7,0,0.21
1095,7,14,0,0.42
1095,8,7,0,0.21
1095,9,16,0,0.48
1095,10,11,0,0.32999999999999996
1095,11,17,0,0.51
1095,12,11,0,0.32999999999999996
1096,12,14,1,0.14
1098,8,51,0,1.53
1098,9,99,0,2.9699999999999998
1098,10,89,0,2.67
1098,11,89,0,2.67
1098,12,98,0,2.94
1099,2,3,0,0.09
1099,3,22,0,0.6599999999999999
1099,4,15,0,0.44999999999999996
1099,5,25,0,0.75
1099,6,11,0,0.32999999999999996
1099,7,29,0,0.87
1099,8,31,0,0.9299999999999999
1099,9,24,0,0.72
1099,10,24,0,0.72
1099,11,24,0,0.72
1099,12,31,0,0.9299999999999999
1100,8,36,0,1.08
1100,9,45,0,1.3499999999999999
1100,10,64,0,1.92
1100,11,47,0,1.41
1100,12,73,0,2.19
1101,4,19,0,0.57
1101,5,81,0,2.4299999999999997
1101,6,70,0,2.1
1101,7,66,0,1.98
1101,8,106,0,3.1799999999999997
1101,9,78,0,2.34
1101,10,78,0,2.34
1101,11,65,0,1.95
1101,12,85,0,2.55
1102,12,45,1,0.45
1103,8,15,0,0.44999999999999996
1103,9,24,0,0.72
1103,10,35,0,1.05
1103,11,30,0,0.8999999999999999
1103,12,36,0,1.08
1104,12,25,1,0.25
1105,10,46,0,1.38
1105,11,93,0,2.79
1105,12,104,0,3.12
1107,11,19,1,0.19
1107,12,46,1,0.46
1110,5,12,0,0.36
1110,6,74,0,2.2199999999999998
1110,7,61,0,1.8299999999999998
1110,8,59,0,1.77
1110,9,73,0,2.19
1110,10,53,0,1.5899999999999999
1110,11,34,0,1.02
1110,12,50,0,1.5
1111,9,44,0,1.3199999999999998
1111,10,107,0,3.21
1111,11,79,0,2.37
1111,12,92,0,2.76
1112,10,33,1,0.33
1112,11,41,1,0.41000000000000003
1112,12,40,1,0.4
1113,6,44,1,0.44
1113,7,43,1,0.43
1113,8,37,1,0.37
1113,9,31,1,0.31
1113,10,40,1,0.4
1113,11,30,1,0.3
1113,12,52,1,0.52
1114,7,29,0,0.87
1114,8,78,0,2.34
1114,9,95,0,2.85
1114,10,89,0,2.67
1114,11,78,0,2.34
1114,12,95,0,2.85
1115,11,33,0,0.99
1115,12,119,0,3.57
1116,8,19,0,0.57
1118,12,17,0,0.51
1119,10,105,0,3.15
1119,11,128,0,3.84
1119,12,133,0,3.9899999999999998
1120,4,41,0,1.23
1120,5,48,0,1.44
1120,6,42,0,1.26
1120,7,46,0,1.38
1120,8,47,0,1.41
1120,9,53,0,1.5899999999999999
1120,10,43,0,1.29
1120,11,42,0,1.26
1120,12,55,0,1.65
1121,11,1,0,0.03
1121,12,97,0,2.9099999999999997
1122,5,15,0,0.44999999999999996
1122,6,15,0,0.44999999999999996
1122,7,19,0,0.57
1122,8,22,0,0.6599999999999999
1122,9,16,0,0.48
1122,10,21,0,0.63
1122,11,28,0,0.84
1122,12,24,0,0.72
1123,6,1,0,0.03
1123,7,30,0,0.8999999999999999
1123,8,31,0,0.9299999999999999
1123,9,20,0,0.6
1123,10,27,0,0.8099999999999999
1123,11,35,0,1.05
1123,12,38,0,1.14
1124,10,30,1,0.3
1124,11,96,1,0.96
1124,12,93,1,0.93
1125,12,54,0,1.6199999999999999
1126,6,78,1,0.78
1126,7,94,1,0.9400000000000001
1126,8,88,1,0.88
1126,9,74,1,0.74
1126,10,86,1,0.86
1126,11,72,1,0.72
1126,12,77,1,0.77
1127,6,3,0,0.09
1127,7,10,0,0.3
1127,8,9,0,0.27
1127,9,16,0,0.48
1127,10,12,0,0.36
1127,11,12,0,0.36
1127,12,14,0,0.42
1128,6,25,1,0.25
1128,7,38,1,0.38
1128,8,54,1,0.54
1128,9,43,1,0.43
1128,10,37,1,0.37
1128,11,42,1,0.42
1128,12,55,1,0.55
1130,9,51,0,1.53
1130,10,92,0,2.76
1130,11,89,0,2.67
1130,12,104,0,3.12
1131,5,18,0,0.54
1131,6,27,0,0.8099999999999999
1131,7,28,0,0.84
1131,8,33,0,0.99
1131,9,26,0,0.78
1131,10,31,0,0.9299999999999999
1131,11,20,0,0.6
1131,12,33,0,0.99
1132,4,72,1,0.72
1132,5,149,1,1.49
1132,6,143,1,1.43
1132,7,149,1,1.49
1132,8,151,1,1.51
1132,9,155,1,1.55
1132,10,153,1,1.53
1132,11,166,1,1.6600000000000001
1132,12,150,1,1.5
1133,7,27,1,0.27
1133,8,70,1,0.7000000000000001
1133,9,90,1,0.9
1133,10,81,1,0.81
1133,11,102,1,1.02
1133,12,85,1,0.85
1134,9,16,0,0.48
1134,10,11,0,0.32999999999999996
1134,11,24,0,0.72
1134,12,10,0,0.3
1136,10,26,0,0.78
1136,11,42,0,1.26
1136,12,59,0,1.77
1137,10,48,0,1.44
1137,11,64,0,1.92
1137,12,56,0,1.68
1138,2,7,0,0.21
1138,3,13,0,0.39
1138,4,11,0,0.32999999999999996
1138,5,16,0,0.48
1138,6,17,0,0.51
1138,7,11,0,0.32999999999999996
1138,8,7,0,0.21
1138,9,17,0,0.51
1138,10,7,0,0.21
1138,11,7,0,0.21
1138,12,7,0,0.21
1139,11,26,0,0.78
1139,12,56,0,1.68
1140,6,3,0,0.09
1140,7,13,0,0.39
1140,8,13,0,0.39
1140,9,12,0,0.36
1140,10,16,0,0.48
1140,11,8,0,0.24
1141,6,3,0,0.09
1141,7,13,0,0.39
1141,8,19,0,0.57
1141,9,26,0,0.78
1141,10,21,0,0.63
1141,11,15,0,0.44999999999999996
1141,12,23,0,0.69
1142,8,14,0,0.42
1142,9,28,0,0.84
1142,10,45,0,1.3499999999999999
1142,11,47,0,1.41
1142,12,47,0,1.41
1144,4,21,1,0.21
1144,5,73,1,0.73
1144,6,64,1,0.64
1144,7,64,1,0.64
1144,8,86,1,0.86
1144,9,74,1,0.74
1144,10,72,1,0.72
1144,11,66,1,0.66
1144,12,81,1,0.81
1145,6,44,0,1.3199999999999998
1145,7,78,0,2.34
1145,8,75,0,2.25
1145,9,55,0,1.65
1145,10,71,0,2.13
1145,11,64,0,1.92
1145,12,61,0,1.8299999999999998
1146,10,43,0,1.29
1146,11,86,0,2.58
1146,12,109,0,3.27
1147,5,24,0,0.72
1147,6,23,0,0.69
1147,7,30,0,0.8999999999999999
1147,8,27,0,0.8099999999999999
1147,9,18,0,0.54
1147,10,24,0,0.72
1147,11,33,0,0.99
1147,12,24,0,0.72
1148,11,47,0,1.41
1148,12,76,0,2.28
1151,8,23,0,0.69
1151,9,57,0,1.71
1151,10,60,0,1.7999999999999998
1151,11,63,0,1.89
1151,12,57,0,1.71
1154,10,74,1,0.74
1154,11,68,1,0.68
1154,12,83,1,0.8300000000000001
1155,2,8,1,0.08
1155,3,34,1,0.34
1155,4,49,1,0.49
1155,5,36,1,0.36
1155,6,35,1,0.35000000000000003
1155,7,27,1,0.27
1155,8,33,1,0.33
1155,9,47,1,0.47000000000000003
1155,10,23,1,0.23
1155,11,28,1,0.28
1155,12,35,1,0.35000000000000003
1159,8,73,1,0.73
1159,9,107,1,1.07
1159,10,106,1,1.06
1159,11,94,1,0.9400000000000001
1159,12,110,1,1.1
1160,4,9,0,0.27
1160,5,14,0,0.42
1160,6,11,0,0.32999999999999996
1160,7,17,0,0.51
1160,8,24,0,0.72
1160,9,23,0,0.69
1160,10,13,0,0.39
1160,11,10,0,0.3
1160,12,14,0,0.42
1161,12,2,1,0.02
1162,10,23,1,0.23
1162,11,34,1,0.34
1162,12,39,1,0.39
1163,8,4,1,0.04
1163,9,3,1,0.03
1163,10,7,1,0.07
1163,11,10,1,0.1
1163,12,6,1,0.06
1164,4,9,1,0.09
1164,5,26,1,0.26
1164,6,29,1,0.29
1164,7,28,1,0.28
1164,8,21,1,0.21
1164,9,29,1,0.29
1164,10,25,1,0.25
1164,11,32,1,0.32
1164,12,26,1,0.26
1165,10,2,0,0.06
1165,11,42,0,1.26
1165,12,24,0,0.72
1167,5,16,0,0.48
1167,6,49,0,1.47
1167,7,59,0,1.77
1167,8,31,0,0.9299999999999999
1167,9,44,0,1.3199999999999998
1167,10,52,0,1.56
1167,11,41,0,1.23
1167,12,52,0,1.56
1168,12,14,0,0.42
1169,12,110,0,3.3
1170,9,3,0,0.09
1170,10,5,0,0.15
1170,11,13,0,0.39
1170,12,11,0,0.32999999999999996
1172,8,35,0,1.05
1172,9,119,0,3.57
1172,10,118,0,3.54
1172,11,86,0,2.58
1172,12,117,0,3.51
1173,9,9,0,0.27
1173,10,63,0,1.89
1173,11,54,0,1.6199999999999999
1173,12,66,0,1.98
1174,5,16,0,0.48
1174,6,82,0,2.46
1174,7,75,0,2.25
1174,8,75,0,2.25
1174,9,66,0,1.98
1174,10,79,0,2.37
1174,11,83,0,2.4899999999999998
1174,12,76,0,2.28
1175,10,31,0,0.9299999999999999
1175,11,30,0,0.8999999999999999
1175,12,36,0,1.08
1176,10,25,0,0.75
1176,11,64,0,1.92
1176,12,76,0,2.28
1177,11,18,0,0.54
1177,12,26,0,0.78
1178,10,39,0,1.17
1178,11,48,0,1.44
1178,12,49,0,1.47
1179,7,4,0,0.12
1179,8,19,0,0.57
1179,9,21,0,0.63
1179,10,17,0,0.51
1179,11,12,0,0.36
1179,12,17,0,0.51
1180,12,76,0,2.28
1181,4,15,0,0.44999999999999996
1181,5,20,0,0.6
1181,6,26,0,0.78
1181,7,22,0,0.6599999999999999
1181,8,21,0,0.63
1181,9,30,0,0.8999999999999999
1181,10,33,0,0.99
1181,11,23,0,0.69
1181,12,31,0,0.9299999999999999
1182,6,4,0,0.12
1182,8,2,0,0.06
1182,9,4,0,0.12
1182,10,2,0,0.06
1182,12,2,0,0.06
1183,10,33,0,0.99
1183,11,107,0,3.21
1183,12,97,0,2.9099999999999997
1184,12,37,1,0.37
1186,12,13,1,0.13
1187,4,7,0,0.21
1187,5,8,0,0.24
1187,6,15,0,0.44999999999999996
1187,7,8,0,0.24
1187,8,11,0,0.32999999999999996
1187,9,14,0,0.42
1187,10,11,0,0.32999999999999996
1187,11,8,0,0.24
1187,12,8,0,0.24
1188,9,32,1,0.32
1188,10,43,1,0.43
1188,11,49,1,0.49
1188,12,52,1,0.52
1189,9,6,0,0.18
1189,10,52,0,1.56
1189,11,39,0,1.17
1189,12,37,0,1.1099999999999999
1190,12,3,1,0.03
1191,5,15,1,0.15
1191,6,15,1,0.15
1191,7,12,1,0.12
1191,8,14,1,0.14
1191,9,13,1,0.13
1191,10,15,1,0.15
1191,11,10,1,0.1
1191,12,10,1,0.1
1192,10,25,0,0.75
1192,11,34,0,1.02
1192,12,25,0,0.75
1193,7,51,0,1.53
1193,8,73,0,2.19
1193,9,58,0,1.74
1193,10,55,0,1.65
1193,11,57,0,1.71
1193,12,64,0,1.92
1194,8,10,0,0.3
1194,9,76,0,2.28
1194,10,88,0,2.6399999999999997
1194,11,62,0,1.8599999999999999
1194,12,56,0,1.68
1195,9,25,0,0.75
1195,10,119,0,3.57
1195,11,121,0,3.63
1195,12,123,0,3.69
1196,1,23,1,0.23
1196,2,23,1,0.23
1196,3,26,1,0.26
1196,4,30,1,0.3
1196,5,30,1,0.3
1196,6,34,1,0.34
1196,7,28,1,0.28
1196,8,27,1,0.27
1196,9,29,1,0.29
1196,10,36,1,0.36
1196,11,31,1,0.31
1196,12,24,1,0.24
1197,11,11,0,0.32999999999999996
1197,12,11,0,0.32999999999999996
1198,9,7,0,0.21
1198,10,11,0,0.32999999999999996
1198,11,6,0,0.18
1198,12,12,0,0.36
1199,8,80,1,0.8
1199,9,71,1,0.71
1199,10,72,1,0.72
1199,11,61,1,0.61
1199,12,67,1,0.67
1200,11,4,0,0.12
1200,12,33,0,0.99
1201,6,7,0,0.21
1201,7,4,0,0.12
1201,8,6,0,0.18
1201,9,4,0,0.12
1201,10,8,0,0.24
1201,11,8,0,0.24
1201,12,10,0,0.3
1203,3,3,0,0.09
1203,4,53,0,1.5899999999999999
1203,5,63,0,1.89
1203,6,34,0,1.02
1203,7,58,0,1.74
1203,8,43,0,1.29
1203,9,52,0,1.56
1203,10,51,0,1.53
1203,11,47,0,1.41
1203,12,46,0,1.38
1204,11,42,1,0.42
1204,12,78,1,0.78
1205,11,41,0,1.23
1205,12,65,0,1.95
1206,7,22,0,0.6599999999999999
1206,8,25,0,0.75
1206,9,35,0,1.05
1206,10,16,0,0.48
1206,11,28,0,0.84
1206,12,33,0,0.99
1207,12,9,0,0.27
1209,8,4,0,0.12
1209,9,31,0,0.9299999999999999
1209,10,29,0,0.87
1209,11,35,0,1.05
1209,12,26,0,0.78
1211,7,41,1,0.41000000000000003
1211,8,64,1,0.64
1211,9,50,1,0.5
1211,10,62,1,0.62
1211,11,55,1,0.55
1211,12,46,1,0.46
1212,7,3,0,0.09
1212,8,33,0,0.99
1212,9,32,0,0.96
1212,10,34,0,1.02
1212,11,31,0,0.9299999999999999
1212,12,35,0,1.05
1213,11,11,1,0.11
1213,12,85,1,0.85
1214,1,2,1,0.02
1214,2,15,1,0.15
1214,3,15,1,0.15
1214,4,13,1,0.13
1214,5,13,1,0.13
1214,6,13,1,0.13
1214,7,24,1,0.24
1214,8,20,1,0.2
1214,9,15,1,0.15
1214,10,16,1,0.16
1214,11,12,1,0.12
1214,12,22,1,0.22
1215,9,54,0,1.6199999999999999
1215,10,96,0,2.88
1215,11,92,0,2.76
1215,12,98,0,2.94
1218,12,32,0,0.96
1219,11,18,0,0.54
1219,12,24,0,0.72
1220,4,18,0,0.54
1220,5,32,0,0.96
1220,6,27,0,0.8099999999999999
1220,7,41,0,1.23
1220,8,33,0,0.99
1220,9,34,0,1.02
1220,10,35,0,1.05
1220,11,25,0,0.75
1220,12,31,0,0.9299999999999999
1221,12,11,0,0.32999999999999996
1222,6,2,0,0.06
1222,7,23,0,0.69
1222,8,20,0,0.6
1222,9,18,0,0.54
1222,10,27,0,0.8099999999999999
1222,11,12,0,0.36
1222,12,24,0,0.72
1223,7,23,0,0.69
1223,8,22,0,0.6599999999999999
1223,9,27,0,0.8099999999999999
1223,10,24,0,0.72
1223,11,27,0,0.8099999999999999
1223,12,31,0,0.9299999999999999
1224,6,5,1,0.05
1224,7,59,1,0.59
1224,8,62,1,0.62
1224,9,61,1,0.61
1224,10,43,1,0.43
1227,12,27,0,0.8099999999999999
1228,10,3,0,0.09
1228,11,3,0,0.09
1229,12,125,1,1.25
1230,12,126,1,1.26
1231,6,2,1,0.02
1231,7,1,1,0.01
1231,8,7,1,0.07
1231,9,2,1,0.02
1231,10,3,1,0.03
1231,11,3,1,0.03
1231,12,3,1,0.03
1232,5,2,0,0.06
1232,6,3,0,0.09
1232,7,2,0,0.06
1232,9,4,0,0.12
1232,10,4,0,0.12
1232,11,1,0,0.03
1232,12,3,0,0.09
1234,12,53,1,0.53
1235,11,33,0,0.99
1235,12,28,0,0.84
1236,4,28,1,0.28
1236,5,35,1,0.35000000000000003
1236,6,32,1,0.32
1236,7,20,1,0.2
1236,8,36,1,0.36
1236,9,23,1,0.23
1236,10,17,1,0.17
1236,11,24,1,0.24
1236,12,29,1,0.29
1237,9,30,1,0.3
1237,10,36,1,0.36
1237,11,33,1,0.33
1237,12,41,1,0.41000000000000003
1240,6,3,0,0.09
1240,7,9,0,0.27
1240,8,15,0,0.44999999999999996
1240,9,12,0,0.36
1240,10,9,0,0.27
1240,11,11,0,0.32999999999999996
1240,12,18,0,0.54
1241,9,20,0,0.6
1241,10,41,0,1.23
1241,11,26,0,0.78
1241,12,45,0,1.3499999999999999
1242,10,66,0,1.98
1242,11,62,0,1.8599999999999999
1242,12,64,0,1.92
1243,10,8,0,0.24
1243,11,16,0,0.48
1243,12,24,0,0.72
1244,11,33,0,0.99
1244,12,41,0,1.23
1245,7,4,0,0.12
1245,8,7,0,0.21
1245,9,9,0,0.27
1245,10,10,0,0.3
1245,11,15,0,0.44999999999999996
1245,12,9,0,0.27
1246,2,26,1,0.26
1246,3,21,1,0.21
1246,4,19,1,0.19
1246,5,19,1,0.19
1246,6,14,1,0.14
1246,7,18,1,0.18
1246,8,15,1,0.15
1246,9,8,1,0.08
1247,7,29,1,0.29
1247,8,119,1,1.19
1247,9,109,1,1.09
1247,10,110,1,1.1
1247,11,121,1,1.21
1247,12,112,1,1.12
1248,11,10,0,0.3
1248,12,102,0,3.06
1249,5,19,1,0.19
1249,6,32,1,0.32
1249,7,26,1,0.26
1249,8,39,1,0.39
1249,9,47,1,0.47000000000000003
1249,10,36,1,0.36
1250,10,53,1,0.53
1250,11,69,1,0.6900000000000001
1250,12,79,1,0.79
1251,3,20,0,0.6
1251,4,33,0,0.99
1251,5,39,0,1.17
1251,6,33,0,0.99
1251,7,39,0,1.17
1251,8,20,0,0.6
1251,9,29,0,0.87
1251,10,33,0,0.99
1251,11,29,0,0.87
1251,12,35,0,1.05
1252,6,13,0,0.39
1252,7,39,0,1.17
1252,8,26,0,0.78
1252,9,28,0,0.84
1252,10,37,0,1.1099999999999999
1252,11,30,0,0.8999999999999999
1252,12,35,0,1.05
1253,9,26,1,0.26
1253,10,22,1,0.22
1253,11,25,1,0.25
1253,12,19,1,0.19
1254,8,106,0,3.1799999999999997
1254,9,112,0,3.36
1254,10,106,0,3.1799999999999997
1254,11,91,0,2.73
1254,12,110,0,3.3
1255,8,54,1,0.54
1255,9,47,1,0.47000000000000003
1255,10,57,1,0.5700000000000001
1255,11,49,1,0.49
1255,12,60,1,0.6
1256,9,17,0,0.51
1256,10,20,0,0.6
1256,11,27,0,0.8099999999999999
1256,12,33,0,0.99
1257,4,4,0,0.12
1257,5,35,0,1.05
1257,6,32,0,0.96
1257,7,37,0,1.1099999999999999
1257,8,34,0,1.02
1257,9,34,0,1.02
1257,10,30,0,0.8999999999999999
1257,11,25,0,0.75
1257,12,39,0,1.17
1258,7,31,0,0.9299999999999999
1258,8,45,0,1.3499999999999999
1258,9,49,0,1.47
1258,10,55,0,1.65
1258,11,48,0,1.44
1258,12,49,0,1.47
1259,3,17,0,0.51
1259,4,27,0,0.8099999999999999
1259,5,29,0,0.87
1259,6,32,0,0.96
1259,7,17,0,0.51
1259,8,36,0,1.08
1259,9,34,0,1.02
1259,10,41,0,1.23
1259,11,32,0,0.96
1259,12,36,0,1.08
1260,12,80,0,2.4
1261,2,11,0,0.32999999999999996
1261,3,54,0,1.6199999999999999
1261,4,37,0,1.1099999999999999
1261,5,49,0,1.47
1261,6,52,0,1.56
1261,7,49,0,1.47
1261,8,49,0,1.47
1261,9,49,0,1.47
1261,10,57,0,1.71
1261,11,46,0,1.38
1261,12,50,0,1.5
1262,12,57,0,1.71
1263,3,1,0,0.03
1263,4,2,0,0.06
1263,5,5,0,0.15
1263,6,6,0,0.18
1263,7,2,0,0.06
1263,8,4,0,0.12
1263,9,4,0,0.12
1263,10,4,0,0.12
1263,11,1,0,0.03
1263,12,1,0,0.03
1264,5,60,1,0.6
1264,6,63,1,0.63
1264,7,53,1,0.53
1264,8,55,1,0.55
1264,9,57,1,0.5700000000000001
1264,10,72,1,0.72
1264,11,65,1,0.65
1264,12,75,1,0.75
1266,12,24,0,0.72
1267,11,13,0,0.39
1267,12,125,0,3.75
1268,3,10,0,0.3
1268,4,28,0,0.84
1268,5,37,0,1.1099999999999999
1268,6,33,0,0.99
1268,7,35,0,1.05
1268,8,35,0,1.05
1268,9,42,0,1.26
1268,10,33,0,0.99
1268,11,24,0,0.72
1268,12,23,0,0.69
1270,9,13,1,0.13
1270,10,22,1,0.22
1270,11,32,1,0.32
1270,12,28,1,0.28
1271,12,83,0,2.4899999999999998
1272,11,3,0,0.09
1272,12,59,0,1.77
1273,10,44,1,0.44
1273,11,55,1,0.55
1273,12,52,1,0.52
1274,12,17,1,0.17
1276,9,10,0,0.3
1276,10,23,0,0.69
1276,11,19,0,0.57
1276,12,24,0,0.72
1278,11,32,0,0.96
1278,12,24,0,0.72
1279,10,23,1,0.23
1279,11,21,1,0.21
1279,12,19,1,0.19
1280,6,11,0,0.32999999999999996
1280,7,37,0,1.1099999999999999
1280,8,65,0,1.95
1280,9,31,0,0.9299999999999999
1280,10,56,0,1.68
1280,11,49,0,1.47
1280,12,55,0,1.65
1281,7,12,0,0.36
1281,8,43,0,1.29
1281,9,55,0,1.65
1281,10,34,0,1.02
1281,11,45,0,1.3499999999999999
1281,12,38,0,1.14
1283,11,11,1,0.11
1283,12,117,1,1.17
1285,8,24,0,0.72
1285,9,24,0,0.72
1285,10,28,0,0.84
1285,11,25,0,0.75
1285,12,26,0,0.78
1286,12,10,0,0.3
1287,11,91,0,2.73
1287,12,121,0,3.63
1289,11,29,1,0.29
1289,12,61,1,0.61
1290,11,50,0,1.5
1290,12,19,0,0.57
1291,4,2,0,0.06
1291,5,11,0,0.32999999999999996
1291,6,5,0,0.15
1291,7,10,0,0.3
1291,8,11,0,0.32999999999999996
1291,9,6,0,0.18
1291,10,14,0,0.42
1291,11,14,0,0.42
1291,12,17,0,0.51
1293,8,50,0,1.5
1293,9,96,0,2.88
1293,10,87,0,2.61
1293,11,110,0,3.3
1293,12,89,0,2.67
1294,9,14,0,0.42
1294,10,123,0,3.69
1294,11,35,0,1.05
1295,8,19,0,0.57
1295,9,23,0,0.69
1295,10,20,0,0.6
1295,11,25,0,0.75
1295,12,21,0,0.63
1296,10,6,1,0.06
1296,11,15,1,0.15
1296,12,24,1,0.24
1298,12,103,0,3.09
1299,3,7,0,0.21
1299,4,11,0,0.32999999999999996
1299,5,8,0,0.24
1299,6,6,0,0.18
1299,7,14,0,0.42
1299,8,15,0,0.44999999999999996
1299,9,6,0,0.18
1299,10,7,0,0.21
1299,11,6,0,0.18
1299,12,10,0,0.3
1301,11,33,1,0.33
1301,12,125,1,1.25
1302,9,21,0,0.63
1302,10,74,0,2.2199999999999998
1302,11,68,0,2.04
1302,12,23,0,0.69
1303,12,148,1,1.48
1304,10,7,1,0.07
1304,11,65,1,0.65
1304,12,59,1,0.59
1305,5,3,0,0.09
1305,6,1,0,0.03
1305,7,1,0,0.03
1305,8,4,0,0.12
1305,9,6,0,0.18
1305,10,4,0,0.12
1305,11,4,0,0.12
1305,12,3,0,0.09
1308,11,20,0,0.6
1308,12,40,0,1.2
1309,11,3,0,0.09
1309,12,67,0,2.01
1312,3,28,0,0.84
1312,4,38,0,1.14
1312,5,27,0,0.8099999999999999
1312,6,33,0,0.99
1312,7,23,0,0.69
1312,8,38,0,1.14
1312,9,37,0,1.1099999999999999
1312,10,39,0,1.17
1312,11,25,0,0.75
1313,6,27,0,0.8099999999999999
1313,7,46,0,1.38
1313,8,61,0,1.8299999999999998
1313,9,46,0,1.38
1313,10,45,0,1.3499999999999999
1313,11,39,0,1.17
1313,12,44,0,1.3199999999999998
1314,11,19,1,0.19
1314,12,21,1,0.21
1315,11,21,0,0.63
1315,12,35,0,1.05
1316,5,14,0,0.42
1316,6,42,0,1.26
1316,7,61,0,1.8299999999999998
1316,8,60,0,1.7999999999999998
1316,9,61,0,1.8299999999999998
1316,10,59,0,1.77
1316,11,66,0,1.98
1316,12,70,0,2.1
1318,9,2,0,0.06
1318,10,36,0,1.08
1318,11,30,0,0.8999999999999999
1318,12,47,0,1.41
1320,4,27,0,0.8099999999999999
1320,5,70,0,2.1
1320,6,52,0,1.56
1320,7,58,0,1.74
1320,8,68,0,2.04
1320,9,60,0,1.7999999999999998
1320,10,60,0,1.7999999999999998
1320,11,72,0,2.16
1320,12,64,0,1.92
1323,12,1,0,0.03
1324,4,120,0,3.5999999999999996
1324,5,124,0,3.7199999999999998
1324,6,124,0,3.7199999999999998
1324,7,120,0,3.5999999999999996
1324,8,153,0,4.59
1324,9,143,0,4.29
1324,10,130,0,3.9
1324,11,116,0,3.48
1324,12,145,0,4.35
1326,7,42,0,1.26
1326,8,71,0,2.13
1326,9,74,0,2.2199999999999998
1326,10,83,0,2.4899999999999998
1326,11,87,0,2.61
1326,12,87,0,2.61
1327,8,1,0,0.03
1327,9,35,0,1.05
1327,10,37,0,1.1099999999999999
1327,11,33,0,0.99
1327,12,29,0,0.87
1328,4,21,0,0.63
1328,5,149,0,4.47
1328,6,132,0,3.96
1328,7,164,0,4.92
1328,8,139,0,4.17
1328,9,153,0,4.59
1328,10,157,0,4.71
1328,11,150,0,4.5
1328,12,168,0,5.04
1329,8,19,1,0.19
1329,9,91,1,0.91
1329,10,101,1,1.01
1329,11,89,1,0.89
1329,12,97,1,0.97
1330,11,55,1,0.55
1330,12,98,1,0.98
1331,8,88,0,2.6399999999999997
1331,9,99,0,2.9699999999999998
1331,10,85,0,2.55
1331,11,81,0,2.4299999999999997
1331,12,87,0,2.61
1332,9,3,0,0.09
1332,10,6,0,0.18
1332,11,1,0,0.03
1333,12,7,1,0.07
1334,3,1,0,0.03
1334,4,14,0,0.42
1334,5,9,0,0.27
1334,6,12,0,0.36
1334,7,18,0,0.54
1334,8,14,0,0.42
1334,9,15,0,0.44999999999999996
1334,10,17,0,0.51
1334,11,13,0,0.39
1334,12,17,0,0.51
1335,6,90,0,2.6999999999999997
1335,7,99,0,2.9699999999999998
1335,8,105,0,3.15
1335,9,79,0,2.37
1335,10,100,0,3.0
1335,11,92,0,2.76
1335,12,89,0,2.67
1336,4,64,0,1.92
1336,5,88,0,2.6399999999999997
1336,6,84,0,2.52
1336,7,83,0,2.4899999999999998
1336,8,74,0,2.2199999999999998
1336,9,80,0,2.4
1336,10,78,0,2.34
1336,11,77,0,2.31
1336,12,62,0,1.8599999999999999
1337,11,46,0,1.38
1337,12,64,0,1.92
1339,5,59,0,1.77
1339,6,71,0,2.13
1339,7,78,0,2.34
1339,8,76,0,2.28
1339,9,90,0,2.6999999999999997
1339,10,74,0,2.2199999999999998
1339,11,74,0,2.2199999999999998
1339,12,86,0,2.58
1340,8,8,0,0.24
1340,9,65,0,1.95
1340,10,62,0,1.8599999999999999
1340,11,49,0,1.47
1340,12,66,0,1.98
1341,10,44,0,1.3199999999999998
1341,11,75,0,2.25
1341,12,70,0,2.1
1342,12,7,0,0.21
1343,8,38,0,1.14
1343,9,104,0,3.12
1343,10,137,0,4.109999999999999
1343,11,134,0,4.02
1343,12,115,0,3.4499999999999997
1344,12,14,0,0.42
1345,10,3,0,0.09
1345,11,13,0,0.39
1345,12,20,0,0.6
1346,4,9,1,0.09
1346,5,53,1,0.53
1346,6,54,1,0.54
1346,7,44,1,0.44
1346,8,60,1,0.6
1346,9,61,1,0.61
1346,10,57,1,0.5700000000000001
1346,11,61,1,0.61
1346,12,66,1,0.66
1347,7,3,1,0.03
1347,8,85,1,0.85
1347,9,69,1,0.6900000000000001
1347,10,73,1,0.73
1347,11,71,1,0.71
1347,12,71,1,0.71
1348,10,47,0,1.41
1348,11,39,0,1.17
1348,12,56,0,1.68
1349,10,76,0,2.28
1349,11,72,0,2.16
1349,12,61,0,1.8299999999999998
1350,11,3,0,0.09
1350,12,7,0,0.21
1351,10,2,1,0.02
1351,11,18,1,0.18
1351,12,19,1,0.19
1352,9,29,1,0.29
1352,10,42,1,0.42
1352,11,49,1,0.49
1352,12,37,1,0.37
1354,8,8,1,0.08
1354,9,39,1,0.39
1354,10,35,1,0.35000000000000003
1354,11,29,1,0.29
1354,12,44,1,0.44
1355,10,91,0,2.73
1355,11,100,0,3.0
1355,12,91,0,2.73
1356,9,13,0,0.39
1356,10,37,0,1.1099999999999999
1356,11,25,0,0.75
1356,12,37,0,1.1099999999999999
1357,5,1,0,0.03
1357,6,35,0,1.05
1357,7,36,0,1.08
1357,8,50,0,1.5
1357,9,51,0,1.53
1357,10,4,0,0.12
1358,4,1,0,0.03
1358,5,6,0,0.18
1358,6,3,0,0.09
1358,7,3,0,0.09
1358,8,4,0,0.12
1358,9,6,0,0.18
1358,10,3,0,0.09
1358,11,4,0,0.12
1361,5,2,0,0.06
1361,6,42,0,1.26
1361,7,41,0,1.23
1361,8,40,0,1.2
1361,9,36,0,1.08
1361,10,41,0,1.23
1361,11,37,0,1.1099999999999999
1361,12,49,0,1.47
1362,1,21,0,0.63
1362,2,58,0,1.74
1362,3,59,0,1.77
1362,4,42,0,1.26
1362,5,65,0,1.95
1362,6,62,0,1.8599999999999999
1362,7,55,0,1.65
1362,8,71,0,2.13
1362,9,53,0,1.5899999999999999
1362,10,69,0,2.07
1362,11,55,0,1.65
1362,12,62,0,1.8599999999999999
1363,9,27,1,0.27
1363,10,41,1,0.41000000000000003
1363,11,34,1,0.34
1363,12,42,1,0.42
1364,8,12,0,0.36
1364,9,22,0,0.6599999999999999
1364,10,14,0,0.42
1364,11,24,0,0.72
1364,12,20,0,0.6
1365,6,8,0,0.24
1365,7,52,0,1.56
1365,8,53,0,1.5899999999999999
1365,9,48,0,1.44
1365,10,36,0,1.08
1365,11,38,0,1.14
1365,12,45,0,1.3499999999999999
1366,8,7,0,0.21
1366,9,18,0,0.54
1366,10,12,0,0.36
1366,11,19,0,0.57
1366,12,19,0,0.57
1369,11,40,0,1.2
1369,12,112,0,3.36
1370,9,15,1,0.15
1370,10,28,1,0.28
1370,11,20,1,0.2
1370,12,30,1,0.3
1371,10,5,0,0.15
1371,11,49,0,1.47
1371,12,30,0,0.8999999999999999
1372,12,54,0,1.6199999999999999
1373,9,27,1,0.27
1373,10,75,1,0.75
1373,11,66,1,0.66
1373,12,76,1,0.76
1374,4,5,0,0.15
1374,5,67,0,2.01
1374,6,66,0,1.98
1374,7,63,0,1.89
1374,8,71,0,2.13
1374,9,61,0,1.8299999999999998
1374,10,80,0,2.4
1374,11,80,0,2.4
1374,12,83,0,2.4899999999999998
1375,12,81,0,2.4299999999999997
1376,11,13,1,0.13
1376,12,9,1,0.09
1377,7,3,0,0.09
1377,8,6,0,0.18
1377,10,6,0,0.18
1377,11,2,0,0.06
1377,12,1,0,0.03
1379,11,28,0,0.84
1379,12,126,0,3.78
1380,9,48,1,0.48
1380,10,53,1,0.53
1380,11,67,1,0.67
1380,12,42,1,0.42
1381,9,63,0,1.89
1381,10,224,0,6.72
1381,11,180,0,5.3999999999999995
1381,12,157,0,4.71
1382,6,14,1,0.14
1382,7,52,1,0.52
1382,8,53,1,0.53
1382,9,49,1,0.49
1382,10,50,1,0.5
1382,11,66,1,0.66
1382,12,52,1,0.52
1383,10,31,1,0.31
1383,11,40,1,0.4
1383,12,48,1,0.48
1384,6,59,1,0.59
1384,7,98,1,0.98
1384,8,92,1,0.92
1384,9,72,1,0.72
1384,10,83,1,0.8300000000000001
1384,11,73,1,0.73
1384,12,93,1,0.93
1385,3,4,0,0.12
1385,4,36,0,1.08
1385,5,38,0,1.14
1385,6,28,0,0.84
1385,7,55,0,1.65
1385,8,36,0,1.08
1385,9,29,0,0.87
1385,10,43,0,1.29
1385,11,38,0,1.14
1385,12,43,0,1.29
1386,11,12,0,0.36
1386,12,28,0,0.84
1387,8,15,0,0.44999999999999996
1387,9,18,0,0.54
1387,10,17,0,0.51
1387,11,13,0,0.39
1387,12,17,0,0.51
1388,12,98,1,0.98
1391,9,24,1,0.24
1391,10,31,1,0.31
1391,11,34,1,0.34
1391,12,32,1,0.32
1392,7,31,0,0.9299999999999999
1392,8,62,0,1.8599999999999999
1392,9,50,0,1.5
1392,10,53,0,1.5899999999999999
1392,11,60,0,1.7999999999999998
1392,12,62,0,1.8599999999999999
1393,10,4,0,0.12
1393,11,32,0,0.96
1393,12,32,0,0.96
1394,9,5,0,0.15
1394,10,20,0,0.6
1394,11,32,0,0.96
1394,12,23,0,0.69
1395,12,25,1,0.25
1396,8,18,0,0.54
1396,9,39,0,1.17
1396,10,39,0,1.17
1396,11,27,0,0.8099999999999999
1398,10,17,0,0.51
1398,11,37,0,1.1099999999999999
1398,12,42,0,1.26
1399,6,10,0,0.3
1399,7,25,0,0.75
1399,8,27,0,0.8099999999999999
1399,9,23,0,0.69
1399,10,23,0,0.69
1399,11,29,0,0.87
1399,12,24,0,0.72
1401,8,13,1,0.13
1401,9,55,1,0.55
1401,10,43,1,0.43
1401,11,53,1,0.53
1401,12,69,1,0.6900000000000001
1404,8,8,0,0.24
1404,9,11,0,0.32999999999999996
1404,10,16,0,0.48
1404,11,12,0,0.36
1404,12,13,0,0.39
1405,6,24,1,0.24
1405,7,59,1,0.59
1405,8,68,1,0.68
1405,9,61,1,0.61
1405,10,78,1,0.78
1405,11,76,1,0.76
1405,12,68,1,0.68
1407,11,1,1,0.01
1407,12,51,1,0.51
1408,2,29,0,0.87
1408,3,36,0,1.08
1408,4,34,0,1.02
1408,5,32,0,0.96
1408,6,49,0,1.47
1408,7,44,0,1.3199999999999998
1408,8,49,0,1.47
1408,9,45,0,1.3499999999999999
1408,10,42,0,1.26
1408,11,37,0,1.1099999999999999
1408,12,32,0,0.96
1409,10,27,1,0.27
1409,11,29,1,0.29
1409,12,21,1,0.21
1410,10,10,0,0.3
1410,11,11,0,0.32999999999999996
1410,12,16,0,0.48
1412,6,19,1,0.19
1412,7,52,1,0.52
1412,8,54,1,0.54
1412,9,48,1,0.48
1412,10,47,1,0.47000000000000003
1412,11,57,1,0.5700000000000001
1412,12,59,1,0.59
1413,12,30,0,0.8999999999999999
1414,9,63,0,1.89
1414,10,70,0,2.1
1414,11,38,0,1.14
1414,12,54,0,1.6199999999999999
1416,10,33,0,0.99
1416,11,42,0,1.26
1416,12,49,0,1.47
1417,6,4,1,0.04
1417,7,9,1,0.09
1417,8,12,1,0.12
1417,9,7,1,0.07
1417,10,11,1,0.11
1417,11,5,1,0.05
1417,12,10,1,0.1
1419,11,68,0,2.04
1419,12,144,0,4.32
1420,8,2,1,0.02
1420,9,3,1,0.03
1420,10,2,1,0.02
1420,11,2,1,0.02
1420,12,3,1,0.03
1421,10,26,0,0.78
1421,11,67,0,2.01
1421,12,87,0,2.61
1422,10,8,1,0.08
1422,11,28,1,0.28
1422,12,30,1,0.3
1423,10,22,0,0.6599999999999999
1423,11,4,0,0.12
1424,11,16,1,0.16
1424,12,88,1,0.88
1425,9,5,0,0.15
1425,10,11,0,0.32999999999999996
1425,11,14,0,0.42
1425,12,28,0,0.84
1428,10,7,0,0.21
1428,11,28,0,0.84
1428,12,28,0,0.84
1429,12,17,0,0.51
1430,12,32,0,0.96
1431,10,2,0,0.06
1431,11,31,0,0.9299999999999999
1431,12,39,0,1.17
1432,10,8,1,0.08
1432,11,13,1,0.13
1432,12,6,1,0.06
1433,9,45,1,0.45
1433,10,127,1,1.27
1433,11,123,1,1.23
1433,12,125,1,1.25
1434,3,45,0,1.3499999999999999
1434,4,46,0,1.38
1434,5,48,0,1.44
1434,6,49,0,1.47
1434,7,48,0,1.44
1434,8,48,0,1.44
1434,9,50,0,1.5
1434,10,46,0,1.38
1434,11,41,0,1.23
1434,12,61,0,1.8299999999999998
1435,9,69,1,0.6900000000000001
1435,10,128,1,1.28
1435,11,125,1,1.25
1435,12,150,1,1.5
1438,9,20,0,0.6
1438,10,53,0,1.5899999999999999
1438,11,44,0,1.3199999999999998
1438,12,55,0,1.65
1439,5,55,0,1.65
1439,6,69,0,2.07
1439,7,59,0,1.77
1439,8,70,0,2.1
1439,9,67,0,2.01
1439,10,77,0,2.31
1439,11,70,0,2.1
1439,12,61,0,1.8299999999999998
1440,5,2,0,0.06
1440,6,38,0,1.14
1440,7,36,0,1.08
1440,8,40,0,1.2
1440,9,43,0,1.29
1440,10,39,0,1.17
1440,11,36,0,1.08
1440,12,38,0,1.14
1441,11,7,1,0.07
1441,12,15,1,0.15
1442,12,65,1,0.65
1443,11,5,0,0.15
1443,12,19,0,0.57
1444,8,46,0,1.38
1444,9,53,0,1.5899999999999999
1444,10,54,0,1.6199999999999999
1444,11,49,0,1.47
1444,12,53,0,1.5899999999999999
1445,3,9,1,0.09
1445,4,11,1,0.11
1445,5,15,1,0.15
1445,6,11,1,0.11
1445,7,20,1,0.2
1445,8,16,1,0.16
1445,9,2,1,0.02
1446,9,12,0,0.36
1446,10,18,0,0.54
1446,11,21,0,0.63
1446,12,25,0,0.75
1447,10,17,0,0.51
1447,11,68,0,2.04
1447,12,71,0,2.13
1448,10,19,0,0.57
1448,11,55,0,1.65
1448,12,59,0,1.77
1450,12,82,1,0.8200000000000001
1451,8,33,1,0.33
1451,9,54,1,0.54
1451,10,49,1,0.49
1451,11,60,1,0.6
1451,12,49,1,0.49
1452,12,4,0,0.12
1453,11,38,1,0.38
1453,12,48,1,0.48
1454,7,23,1,0.23
1454,8,78,1,0.78
1454,9,85,1,0.85
1454,10,80,1,0.8
1454,11,90,1,0.9
1454,12,70,1,0.7000000000000001
1455,11,68,0,2.04
1455,12,9,0,0.27
1456,6,33,1,0.33
1456,7,35,1,0.35000000000000003
1456,8,38,1,0.38
1456,9,35,1,0.35000000000000003
1456,10,27,1,0.27
1456,11,23,1,0.23
1456,12,43,1,0.43
1457,12,4,0,0.12
1458,7,6,1,0.06
1458,8,40,1,0.4
1458,9,33,1,0.33
1458,10,33,1,0.33
1458,11,30,1,0.3
1458,12,32,1,0.32
1460,5,5,1,0.05
1460,6,59,1,0.59
1460,7,44,1,0.44
1460,8,42,1,0.42
1460,9,45,1,0.45
1460,10,40,1,0.4
1460,11,54,1,0.54
1460,12,50,1,0.5
1462,10,44,1,0.44
1462,11,73,1,0.73
1462,12,87,1,0.87
1464,11,31,0,0.9299999999999999
1464,12,27,0,0.8099999999999999
1465,6,16,1,0.16
1465,7,30,1,0.3
1465,8,27,1,0.27
1465,9,28,1,0.28
1465,10,35,1,0.35000000000000003
1465,11,30,1,0.3
1465,12,28,1,0.28
1466,5,25,0,0.75
1466,6,29,0,0.87
1466,7,40,0,1.2
1466,8,46,0,1.38
1466,9,50,0,1.5
1466,10,51,0,1.53
1466,11,38,0,1.14
1466,12,41,0,1.23
1467,4,26,1,0.26
1467,5,64,1,0.64
1467,6,58,1,0.58
1467,7,63,1,0.63
1467,8,52,1,0.52
1467,9,64,1,0.64
1467,10,54,1,0.54
1467,11,73,1,0.73
1467,12,77,1,0.77
1468,9,26,0,0.78
1468,10,40,0,1.2
1468,11,38,0,1.14
1468,12,39,0,1.17
1469,11,6,0,0.18
1469,12,24,0,0.72
1470,5,51,0,1.53
1470,6,133,0,3.9899999999999998
1470,7,147,0,4.41
1470,8,141,0,4.2299999999999995
1470,9,130,0,3.9
1470,10,145,0,4.35
1470,11,156,0,4.68
1470,12,153,0,4.59
1471,10,32,0,0.96
1471,11,18,0,0.54
1472,4,27,0,0.8099999999999999
1472,5,41,0,1.23
1472,6,36,0,1.08
1472,7,47,0,1.41
1472,8,40,0,1.2
1472,9,40,0,1.2
1472,10,16,0,0.48
1474,8,6,0,0.18
1474,9,30,0,0.8999999999999999
1474,10,35,0,1.05
1474,11,30,0,0.8999999999999999
1474,12,40,0,1.2
1475,7,17,1,0.17
1475,8,74,1,0.74
1475,9,72,1,0.72
1475,10,65,1,0.65
1475,11,77,1,0.77
1475,12,73,1,0.73
1476,6,21,1,0.21
1476,7,30,1,0.3
1476,8,41,1,0.41000000000000003
1476,9,28,1,0.28
1476,10,29,1,0.29
1476,11,35,1,0.35000000000000003
1476,12,41,1,0.41000000000000003
1477,11,1,1,0.01
1477,12,2,1,0.02
1478,8,5,1,0.05
1478,9,17,1,0.17
1478,10,12,1,0.12
1478,11,12,1,0.12
1478,12,14,1,0.14
1479,11,1,0,0.03
1480,12,51,0,1.53
1481,12,3,0,0.09
1482,10,2,1,0.02
1482,11,87,1,0.87
1482,12,5,1,0.05
1483,5,15,0,0.44999999999999996
1483,6,5,0,0.15
1483,7,10,0,0.3
1483,8,6,0,0.18
1483,9,14,0,0.42
1483,10,6,0,0.18
1483,11,4,0,0.12
1484,11,1,0,0.03
1484,12,83,0,2.4899999999999998
1485,12,24,0,0.72
1486,12,10,0,0.3
1487,12,66,1,0.66
1489,9,59,0,1.77
1489,10,84,0,2.52
1489,11,91,0,2.73
1489,12,86,0,2.58
1491,4,6,0,0.18
1491,5,45,0,1.3499999999999999
1491,6,54,0,1.6199999999999999
1491,7,64,0,1.92
1491,8,50,0,1.5
1491,9,50,0,1.5
1491,10,51,0,1.53
1491,11,46,0,1.38
1491,12,43,0,1.29
1492,9,11,0,0.32999999999999996
1492,10,29,0,0.87
1492,11,31,0,0.9299999999999999
1492,12,37,0,1.1099999999999999
1494,7,20,0,0.6
1494,8,27,0,0.8099999999999999
1494,9,21,0,0.63
1494,10,38,0,1.14
1494,11,35,0,1.05
1494,12,33,0,0.99
1496,8,2,0,0.06
1496,9,21,0,0.63
1496,10,18,0,0.54
1496,11,13,0,0.39
1496,12,11,0,0.32999999999999996
1497,12,50,1,0.5
