user_id,month,totalcost,plan_encoded
1000,12,84.58859,1
1001,8,32.45335,0
1001,9,43.06552,0
1001,10,54.64379,0
1001,11,50.322,0
1001,12,50.36518,0
1002,10,28.12591,0
1002,11,50.59788,0
1002,12,45.23684,0
1003,12,60.30262999999999,0
1004,5,31.70461,0
1004,6,48.55242,0
1004,7,54.786319999999996,0
1004,8,58.27754,0
1004,9,47.520720000000004,0
1004,10,45.01053,0
1004,11,55.69018,0
1004,12,52.38859,0
1005,12,51.076769999999996,0
1006,11,84.72179,1
1006,12,257.85146000000003,1
1007,8,55.92003,0
1007,9,60.30885,0
1007,10,61.226910000000004,0
1007,11,59.9827,0
1007,12,51.16935,0
1008,10,173.46103,1
1008,11,218.81644,1
1008,12,158.08821,1
1009,5,53.32081,0
1009,6,45.379940000000005,0
1009,7,59.72385,0
1009,8,49.46922,0
1009,9,47.37650000000001,0
1009,10,48.05534,0
1009,11,49.21033,0
1009,12,46.4497,0
1010,3,42.44262,0
1010,4,41.23997,0
1010,5,50.32672,0
1010,6,37.05351,0
1010,7,36.91031,0
1010,8,41.30594,0
1010,9,38.37623,0
1010,10,40.23674,0
1010,11,34.06879,0
1011,6,97.12257,1
1011,7,201.58147,1
1011,8,201.57079,1
1011,9,170.30882,1
1011,10,226.43945,1
1011,11,208.79699000000002,1
1011,12,189.94991,1
1012,11,35.57763,0
1012,12,33.54624,0
1013,12,191.99114,1
1014,11,25.42549,0
1014,12,44.96061,0
1015,12,40.32293,0
1016,10,28.36711,0
1016,11,51.69333,0
1016,12,54.551669999999994,0
1017,8,23.436329999999998,0
1017,9,55.28472,0
1017,10,60.29295,0
1017,11,50.33324,0
1017,12,55.422380000000004,0
1018,10,33.52245,0
1018,11,37.972930000000005,0
1018,12,50.56755,0
1019,11,24.47431,0
1019,12,64.72717,0
1020,11,43.68934,0
1020,12,53.61068,0
1021,12,34.74375,0
1022,5,33.028279999999995,0
1022,6,56.59998,0
1022,7,42.88065,0
1022,8,43.78873,0
1022,9,47.30603,0
1022,10,39.78291,0
1022,11,55.78198,0
1022,12,38.56662,0
1023,7,29.95087,0
1023,8,31.671590000000002,0
1024,12,30.41717,0
1026,7,84.36765,1
1026,8,109.77997,1
1027,7,41.39306,0
1027,8,50.4801,0
1027,9,46.05936,0
1027,10,44.55865,0
1027,11,46.95944,0
1027,12,42.42853,0
1028,2,,1
1028,3,273.35082,1
1028,4,303.96909000000005,1
1028,5,272.51739999999995,1
1028,6,289.48831,1
1028,7,322.13879999999995,1
1028,8,324.00591,1
1028,9,235.96515,1
1028,10,357.79188,1
1028,11,342.79438,1
1028,12,302.3581300000001,1
1029,8,21.397850000000002,0
1029,9,39.95646,0
1029,10,42.115990000000004,0
1029,11,37.22112,0
1029,12,43.85004,0
1030,10,132.59653,1
1030,11,170.08476000000002,1
1030,12,162.02409,1
1031,7,126.46698,1
1031,8,204.62598,1
1031,9,144.89484,1
1031,10,185.50591,1
1031,11,168.15438,1
1031,12,141.83647000000002,1
1032,11,153.43702000000002,1
1032,12,156.48933,1
1033,9,88.06497999999999,1
1033,10,256.36843999999996,1
1033,11,246.63645,1
1033,12,201.87490000000003,1
1034,8,20.77672,0
1035,12,38.79234,0
1036,6,81.85809,1
1036,7,139.29799,1
1036,8,191.11691000000002,1
1036,9,157.41877,1
1036,10,132.27249,1
1036,11,124.95484,1
1036,12,114.38773,1
1037,12,154.40967999999998,1
1038,10,196.32632,1
1038,11,319.57498,1
1038,12,369.71876999999995,1
1039,6,94.16644,1
1039,7,199.89755000000002,1
1039,8,209.91647,1
1039,9,183.64357,1
1039,10,147.85852,1
1039,11,237.12921999999998,1
1039,12,195.92526,1
1040,12,42.17399,0
1041,3,81.31103,1
1041,4,197.45766000000003,1
1041,5,180.68941999999998,1
1041,6,192.13489,1
1041,7,217.85974000000002,1
1041,8,217.12386999999998,1
1041,9,196.63233,1
1041,10,186.92674,1
1041,11,226.56871999999998,1
1041,12,170.99185,1
1042,1,24.559829999999998,0
1042,2,33.52128,0
1042,3,31.68428,0
1042,4,34.537099999999995,0
1042,5,42.68154,0
1042,6,37.95366,0
1042,7,35.28149,0
1042,8,34.133849999999995,0
1042,9,40.539410000000004,0
1042,10,33.57306,0
1042,11,37.36255,0
1042,12,35.696,0
1043,6,119.29481000000001,1
1043,7,239.15679,1
1043,8,254.88968,1
1043,9,280.23431999999997,1
1043,10,270.69407,1
1043,11,278.02472,1
1043,12,304.18928,1
1044,8,,0
1044,9,51.01578,0
1044,10,45.15105,0
1044,11,51.38057,0
1044,12,44.75471,0
1045,10,38.35555,0
1045,11,46.123180000000005,0
1045,12,40.60132,0
1046,6,40.38378,0
1046,7,57.33368,0
1046,8,59.86895,0
1046,9,60.554109999999994,0
1046,10,47.45359,0
1046,11,57.47741,0
1046,12,35.353049999999996,0
1047,12,172.5924,1
1048,8,23.79946,0
1048,9,35.74259,0
1048,10,37.50983,0
1048,11,37.55255,0
1048,12,33.355760000000004,0
1049,4,31.6111,0
1049,5,35.814949999999996,0
1049,6,37.61067,0
1049,7,35.13611,0
1049,8,39.77299,0
1049,9,39.724000000000004,0
1049,10,34.664159999999995,0
1049,11,38.87762,0
1049,12,35.70493,0
1050,3,91.8598,1
1050,4,175.21746000000002,1
1050,5,170.31013000000002,1
1050,6,134.4882,1
1050,7,157.55743,1
1050,8,158.85345,1
1050,9,171.47569,1
1050,10,223.34756000000002,1
1050,11,152.44953,1
1050,12,171.06644,1
1051,12,36.61733,0
1052,11,31.63,0
1052,12,71.97942,0
1053,7,20.83737,0
1053,8,54.744350000000004,0
1053,9,53.53129,0
1053,10,49.863640000000004,0
1053,11,53.737719999999996,0
1053,12,44.30838,0
1054,4,28.84354,0
1054,5,46.056979999999996,0
1054,6,46.96219,0
1054,7,45.482820000000004,0
1054,8,48.61074,0
1054,9,49.193079999999995,0
1054,10,49.136160000000004,0
1054,11,46.61445,0
1054,12,56.72199,0
1055,5,33.09974,0
1055,6,37.759479999999996,0
1055,7,45.23061,0
1055,8,44.84095,0
1055,9,41.5881,0
1055,10,49.79595,0
1055,11,43.13219,0
1055,12,42.97899,0
1056,7,24.75742,0
1056,8,52.11462,0
1056,9,47.7304,0
1056,10,47.478030000000004,0
1056,11,50.37951,0
1056,12,58.60973,0
1057,9,77.20535,1
1057,10,251.76343,1
1057,11,288.02768000000003,1
1057,12,223.1837,1
1058,11,29.23396,0
1058,12,32.10569,0
1059,4,76.96446,1
1059,5,140.42025,1
1059,6,132.70904000000002,1
1059,7,149.58409,1
1059,8,147.34647,1
1059,9,162.51962,1
1059,10,178.97842,1
1059,11,164.61763000000002,1
1059,12,197.96681999999998,1
1060,8,46.71542,0
1060,9,49.97175,0
1060,10,49.23351,0
1060,11,40.54309000000001,0
1060,12,53.73822,0
1061,4,98.84,1
1061,5,201.93224,1
1061,6,197.30747,1
1061,7,195.52604000000002,1
1061,8,184.04918,1
1061,9,229.44632,1
1061,10,170.96724,1
1061,11,176.43641000000002,1
1061,12,221.35925,1
1062,3,110.02727000000002,1
1062,4,153.94673,1
1062,5,161.87429,1
1062,6,138.94222,1
1062,7,147.30139,1
1062,8,183.59728,1
1062,9,152.72814,1
1062,10,173.09405999999998,1
1062,11,176.33706,1
1062,12,153.388,1
1063,11,126.1908,1
1063,12,119.91028,1
1064,6,30.43573,0
1064,7,49.033860000000004,0
1064,8,44.98292,0
1064,9,37.30525,0
1064,10,40.37726,0
1064,11,50.16093,0
1064,12,50.94663,0
1065,9,34.19045,0
1065,10,43.054019999999994,0
1065,11,43.1831,0
1065,12,51.75343,0
1066,3,43.64529,0
1066,4,55.78872,0
1066,5,54.628910000000005,0
1066,6,49.81782,0
1066,7,51.01454,0
1066,8,51.583439999999996,0
1066,9,54.91841,0
1066,10,53.42389,0
1066,11,52.74789,0
1066,12,52.40589,0
1067,9,25.72769,0
1067,10,54.55971,0
1067,11,52.7834,0
1067,12,45.86501,0
1068,5,29.3212,0
1068,6,43.055040000000005,0
1068,7,40.68795,0
1068,8,40.48128,0
1068,9,35.928039999999996,0
1068,10,46.50514,0
1068,11,39.29074,0
1068,12,44.653729999999996,0
1069,9,109.65051,1
1069,10,135.77679,1
1069,11,136.68426,1
1069,12,160.15172,1
1070,12,44.32268,0
1071,5,30.55057,0
1071,6,42.23367,0
1071,7,40.72231,0
1071,8,47.9205,0
1071,9,44.3542,0
1071,10,32.90435,0
1071,11,46.5849,0
1071,12,53.343799999999995,0
1072,7,46.52579,0
1072,8,48.04528,0
1072,9,47.72931,0
1072,10,47.93165,0
1072,11,66.25176,0
1072,12,66.15771,0
1073,4,39.78248,0
1073,5,41.54994,0
1073,6,41.14154,0
1073,7,44.03684,0
1073,8,41.73509,0
1073,9,37.60952,0
1073,10,42.12526,0
1073,11,40.711619999999996,0
1073,12,46.65264,0
1074,11,77.06267,1
1074,12,130.21084,1
1075,9,34.37338,0
1075,10,39.60009,0
1075,11,32.03402,0
1075,12,43.03325,0
1076,7,21.19734,0
1076,8,59.60892,0
1076,9,57.22672,0
1076,10,51.7828,0
1076,11,53.19384,0
1076,12,50.07460999999999,0
1077,1,126.57018,1
1077,2,195.96445,1
1077,3,201.18125,1
1077,4,166.69858,1
1077,5,200.35124,1
1077,6,155.05106999999998,1
1077,7,194.67669,1
1077,8,197.5323,1
1077,9,185.20272,1
1077,10,200.68178,1
1077,11,213.51319999999998,1
1077,12,170.0457,1
1078,11,31.432949999999998,0
1078,12,35.34633,0
1079,7,22.278,0
1079,8,51.73307,0
1079,9,43.481049999999996,0
1079,10,44.0204,0
1079,11,39.76349,0
1079,12,44.75267,0
1080,8,,0
1080,9,,0
1080,10,,0
1080,11,,0
1080,12,,0
1081,4,20.65301,0
1081,5,43.07483,0
1081,6,47.35668,0
1081,7,41.65957,0
1081,8,43.8317,0
1081,9,43.23267,0
1081,10,41.212900000000005,0
1081,11,39.37973,0
1081,12,44.34043,0
1082,4,32.19648,0
1082,5,39.711839999999995,0
1082,6,41.95348,0
1082,7,48.37535,0
1082,8,42.60251,0
1082,9,35.3186,0
1082,10,40.591089999999994,0
1082,11,41.173469999999995,0
1082,12,47.46127,0
1083,10,23.00323,0
1083,11,37.852900000000005,0
1083,12,51.869749999999996,0
1084,10,34.97381,0
1084,11,51.2037,0
1084,12,54.35478,0
1085,8,83.33399,1
1085,9,210.82031,1
1085,10,212.99394,1
1085,11,229.32957,1
1085,12,230.34777,1
1086,12,208.73808000000002,1
1087,11,31.70033,0
1087,12,45.04597,0
1088,5,87.719,1
1088,6,162.99684000000002,1
1088,7,147.44565,1
1088,8,185.30875000000003,1
1088,9,158.30363,1
1088,10,136.66361,1
1088,11,187.23852,1
1088,12,173.00168000000002,1
1089,12,,0
1090,5,34.88659,0
1090,6,44.68323,0
1090,7,56.19061000000001,0
1090,8,52.094629999999995,0
1090,9,49.064440000000005,0
1090,10,45.08909,0
1090,11,54.94672,0
1090,12,42.86822,0
1091,10,77.41954,1
1091,11,99.34643,1
1092,12,44.86231000000001,0
1093,12,31.77659,0
1094,10,21.22871,0
1094,11,58.95721,0
1094,12,47.98914,0
1095,4,25.02168,0
1095,5,38.84683,0
1095,6,33.35628,0
1095,7,38.44456,0
1095,8,38.03663,0
1095,9,38.35029,0
1095,10,36.97009,0
1095,11,42.61957,0
1095,12,42.46198,0
1096,12,100.58048,1
1097,8,28.955959999999997,0
1097,9,36.8318,0
1097,10,41.30225,0
1097,11,42.62817,0
1097,12,46.69972,0
1098,8,48.06994,0
1098,9,50.6803,0
1098,10,54.9828,0
1098,11,64.97623999999999,0
1098,12,63.95052,0
1099,2,21.29438,0
1099,3,45.788940000000004,0
1099,4,50.01123,0
1099,5,55.16081,0
1099,6,44.64656,0
1099,7,46.20933,0
1099,8,48.72958,0
1099,9,51.46926,0
1099,10,55.292440000000006,0
1099,11,40.09644,0
1099,12,37.07414,0
1100,8,42.24952,0
1100,9,53.94905,0
1100,10,45.329570000000004,0
1100,11,55.864270000000005,0
1100,12,52.11636,0
1101,4,26.027630000000002,0
1101,5,49.55803,0
1101,6,48.89763,0
1101,7,44.21654,0
1101,8,50.88968,0
1101,9,46.48152,0
1101,10,51.04251,0
1101,11,46.4446,0
1101,12,41.07359,0
1102,12,98.43085,1
1103,8,38.16226,0
1103,9,50.691570000000006,0
1103,10,50.43254,0
1103,11,50.51263,0
1103,12,50.18396,0
1104,12,114.86422999999999,1
1105,10,42.9365,0
1105,11,42.88699,0
1105,12,42.15125,0
1106,5,37.612809999999996,0
1106,6,52.3076,0
1106,7,39.447559999999996,0
1106,8,43.846289999999996,0
1106,9,62.05859,0
1106,10,52.37298,0
1106,11,44.429739999999995,0
1106,12,42.01034,0
1107,11,86.18569,1
1107,12,181.46332,1
1108,12,,1
1109,4,33.78223,0
1109,5,44.54578,0
1109,6,32.96417,0
1109,7,53.4947,0
1109,8,43.5149,0
1109,9,41.223110000000005,0
1109,10,31.947020000000002,0
1109,11,43.75439,0
1109,12,45.235569999999996,0
1110,5,29.05971,0
1110,6,57.298109999999994,0
1110,7,55.91264,0
1110,8,53.67161,0
1110,9,59.25923,0
1110,10,55.51356,0
1110,11,50.52245,0
1110,12,54.4878,0
1111,9,31.96885,0
1111,10,45.69339,0
1111,11,50.07818,0
1111,12,47.38576,0
1112,10,129.6259,1
1112,11,146.88664,1
1112,12,142.08432,1
1113,6,149.29217,1
1113,7,126.77052,1
1113,8,161.90577000000002,1
1113,9,139.38756999999998,1
1113,10,163.46585,1
1113,11,143.71204,1
1113,12,164.13486999999998,1
1114,7,33.26463,0
1114,8,49.126599999999996,0
1114,9,37.87113,0
1114,10,43.65617,0
1114,11,51.15771,0
1114,12,47.23403999999999,0
1115,11,34.995670000000004,0
1115,12,51.960210000000004,0
1116,8,45.50194,0
1117,5,22.89461,0
1117,6,45.02919,0
1117,7,49.94451,0
1117,8,50.34194,0
1117,9,53.428529999999995,0
1117,10,48.9523,0
1117,11,48.4948,0
1117,12,53.169489999999996,0
1118,12,43.68758,0
1119,10,33.13114,0
1119,11,37.16959,0
1119,12,37.11076,0
1120,4,52.18133,0
1120,5,57.06984,0
1120,6,52.56208,0
1120,7,52.870180000000005,0
1120,8,51.55408,0
1120,9,60.02257,0
1120,10,48.56178,0
1120,11,50.22346,0
1120,12,49.834,0
1121,11,,0
1121,12,,0
1122,5,40.862049999999996,0
1122,6,51.31668,0
1122,7,46.360150000000004,0
1122,8,62.63507,0
1122,9,55.71748,0
1122,10,48.77179,0
1122,11,47.72453,0
1122,12,51.8012,0
1123,6,22.49886,0
1123,7,54.425749999999994,0
1123,8,40.401669999999996,0
1123,9,50.8375,0
1123,10,44.37378,0
1123,11,54.200810000000004,0
1123,12,49.99232,0
1124,10,77.30734,1
1124,11,86.32356,1
1124,12,99.61080999999999,1
1125,12,58.502399999999994,0
1126,6,241.46348000000003,1
1126,7,239.29405,1
1126,8,290.38553,1
1126,9,254.17731,1
1126,10,231.97397999999998,1
1126,11,205.84432,1
1126,12,200.97273,1
1127,6,28.03633,0
1127,7,48.34867,0
1127,8,48.020669999999996,0
1127,9,50.45667,0
1127,10,48.890119999999996,0
1127,11,54.70935,0
1127,12,51.60195,0
1128,6,140.94236,1
1128,7,195.67124,1
1128,8,160.31053,1
1128,9,198.03214,1
1128,10,188.79691000000003,1
1128,11,172.64539,1
1128,12,149.71247,1
1130,9,40.91445,0
1130,10,57.058220000000006,0
1130,11,36.72091,0
1130,12,53.48363,0
1131,5,,0
1131,6,,0
1131,7,,0
1131,8,,0
1131,9,,0
1131,10,,0
1131,11,,0
1131,12,,0
1132,4,162.61892,1
1132,5,260.50233,1
1132,6,233.07029,1
1132,7,242.90684000000002,1
1132,8,194.88367,1
1132,9,222.29265,1
1132,10,215.08064000000002,1
1132,11,224.08766,1
1132,12,178.36147,1
1133,7,77.11575,1
1133,8,164.66589,1
1133,9,174.15022,1
1133,10,160.4171,1
1133,11,168.36786999999998,1
1133,12,139.40343000000001,1
1134,9,43.89057,0
1134,10,44.1567,0
1134,11,49.89639,0
1134,12,51.11143,0
1135,12,98.7864,1
1136,10,35.49824,0
1136,11,55.206509999999994,0
1136,12,52.536469999999994,0
1137,10,,0
1137,11,,0
1137,12,,0
1138,2,44.64425,0
1138,3,47.64551,0
1138,4,48.97901,0
1138,5,53.73049,0
1138,6,53.69317,0
1138,7,52.26749,0
1138,8,38.69897,0
1138,9,51.34682,0
1138,10,55.98847,0
1138,11,47.034090000000006,0
1138,12,32.75605,0
1139,11,32.37826,0
1139,12,46.1322,0
1140,6,30.55599,0
1140,7,51.21854,0
1140,8,41.82597,0
1140,9,39.78821,0
1140,10,45.0193,0
1140,11,36.64097,0
1141,6,24.67032,0
1141,7,42.11999,0
1141,8,41.383230000000005,0
1141,9,42.309689999999996,0
1141,10,50.209900000000005,0
1141,11,44.41134,0
1141,12,46.85561,0
1142,8,27.86937,0
1142,9,51.95263,0
1142,10,45.54056,0
1142,11,51.95096,0
1142,12,48.781530000000004,0
1144,4,108.10310999999999,1
1144,5,235.34342999999998,1
1144,6,237.53905000000003,1
1144,7,326.10782,1
1144,8,303.64563999999996,1
1144,9,317.53981,1
1144,10,322.03654,1
1144,11,240.76803,1
1144,12,278.7483,1
1145,6,40.06167,0
1145,7,47.78257,0
1145,8,47.6973,0
1145,9,52.49919,0
1145,10,54.83208,0
1145,11,47.48992,0
1145,12,50.343680000000006,0
1146,10,37.4249,0
1146,11,54.52724,0
1146,12,53.82216,0
1147,5,52.942859999999996,0
1147,6,57.41883000000001,0
1147,7,63.17403,0
1147,8,65.39934,0
1147,9,56.18927000000001,0
1147,10,58.649319999999996,0
1147,11,53.760130000000004,0
1147,12,58.07727,0
1148,11,46.03898,0
1148,12,41.27143,0
1149,9,29.37796,0
1149,10,45.50436,0
1149,11,34.52329,0
1149,12,39.40329,0
1150,9,79.3304,1
1150,10,150.82528000000002,1
1150,11,181.62488000000002,1
1150,12,143.72220000000002,1
1151,8,29.32444,0
1151,9,48.161319999999996,0
1151,10,55.76608,0
1151,11,41.41503,0
1151,12,38.43402,0
1152,11,39.53703,0
1152,12,41.22422,0
1153,6,31.39687,0
1153,7,33.817319999999995,0
1153,8,39.017160000000004,0
1153,9,40.40747,0
1153,10,37.261160000000004,0
1153,11,39.774719999999995,0
1153,12,30.549020000000002,0
1154,10,166.28996,1
1154,11,178.54692,1
1154,12,140.03596,1
1155,2,84.76673000000001,1
1155,3,189.81413,1
1155,4,173.44231000000002,1
1155,5,168.71731,1
1155,6,195.39616999999998,1
1155,7,183.24507,1
1155,8,230.01090000000002,1
1155,9,207.23139,1
1155,10,232.2613,1
1155,11,192.64713,1
1155,12,237.09387999999998,1
1156,4,34.14922,0
1156,5,57.00136,0
1156,6,43.1348,0
1156,7,43.061499999999995,0
1156,8,48.0504,0
1156,9,49.134190000000004,0
1156,10,51.07927,0
1156,11,40.7953,0
1156,12,48.31179,0
1157,7,34.84307,0
1157,8,44.48732,0
1157,9,43.66487,0
1157,10,41.73347,0
1157,11,39.698949999999996,0
1157,12,42.287949999999995,0
1158,12,202.22678000000002,1
1159,8,101.6794,1
1159,9,167.46061,1
1159,10,168.90443,1
1159,11,154.85116,1
1159,12,149.15956,1
1160,4,32.99496,0
1160,5,41.47905,0
1160,6,51.5224,0
1160,7,37.929,0
1160,8,45.30363,0
1160,9,36.90294,0
1160,10,48.001050000000006,0
1160,11,57.47193,0
1160,12,42.58121,0
1161,11,78.43845999999999,1
1161,12,142.72931,1
1162,10,128.7897,1
1162,11,172.7886,1
1162,12,191.75813,1
1163,8,137.87695,1
1163,9,156.58408,1
1163,10,194.35057,1
1163,11,231.948,1
1163,12,209.37105000000003,1
1164,4,91.74869,1
1164,5,149.25645,1
1164,6,170.58266,1
1164,7,147.33959,1
1164,8,152.31274,1
1164,9,152.08035999999998,1
1164,10,166.40642,1
1164,11,171.82031999999998,1
1164,12,164.86373,1
1165,10,23.03864,0
1165,11,43.12065,0
1165,12,41.388999999999996,0
1166,9,40.18796,0
1166,10,43.04947,0
1166,11,52.77917,0
1166,12,45.35583,0
1167,5,27.60988,0
1167,6,39.540620000000004,0
1167,7,34.03103,0
1167,8,30.624049999999997,0
1167,9,46.87986,0
1167,10,38.93912,0
1167,11,37.168279999999996,0
1167,12,36.37468,0
1168,12,35.53125,0
1169,12,48.171679999999995,0
1170,9,29.30314,0
1170,10,53.887060000000005,0
1170,11,53.34497,0
1170,12,54.42635,0
1171,2,42.76128,0
1171,3,51.86444,0
1171,4,49.33502,0
1171,5,46.4775,0
1171,6,46.139939999999996,0
1171,7,48.915060000000004,0
1171,8,43.93692,0
1171,9,47.430189999999996,0
1171,10,54.32322,0
1171,11,47.644690000000004,0
1171,12,48.01457,0
1172,8,41.19638,0
1172,9,57.24367,0
1172,10,71.56973,0
1172,11,50.17485,0
1172,12,51.91920999999999,0
1173,9,22.748829999999998,0
1173,10,46.8265,0
1173,11,43.91563,0
1173,12,44.891329999999996,0
1174,5,29.85087,0
1174,6,44.4736,0
1174,7,44.404759999999996,0
1174,8,43.90704,0
1174,9,41.32628,0
1174,10,46.86948,0
1174,11,53.56525,0
1174,12,36.70082,0
1175,10,47.15758,0
1175,11,42.16673,0
1175,12,38.714529999999996,0
1176,10,37.1997,0
1176,11,63.43776,0
1176,12,59.72234,0
1177,11,39.51191,0
1177,12,58.36056,0
1178,10,44.21945,0
1178,11,50.44843,0
1178,12,55.764250000000004,0
1179,7,25.43645,0
1179,8,38.47162,0
1179,9,46.313230000000004,0
1179,10,44.85574,0
1179,11,50.40997,0
1179,12,49.06809,0
1180,12,36.044970000000006,0
1181,4,35.94768,0
1181,5,33.94215,0
1181,6,41.25549,0
1181,7,37.57164,0
1181,8,46.612790000000004,0
1181,9,42.77068,0
1181,10,50.90356,0
1181,11,38.85282,0
1181,12,52.5629,0
1182,5,20.75144,0
1182,6,45.34425,0
1182,7,47.9703,0
1182,8,43.04434,0
1182,9,42.138999999999996,0
1182,10,45.053,0
1182,11,47.940659999999994,0
1182,12,43.96329,0
1183,10,32.477779999999996,0
1183,11,44.967740000000006,0
1183,12,45.07546,0
1184,12,127.45954,1
1185,1,98.13619,1
1185,2,197.09129000000001,1
1185,3,248.08048000000002,1
1185,4,279.54706,1
1185,5,200.17335,1
1185,6,247.22035,1
1185,7,259.92632000000003,1
1185,8,199.72743000000003,1
1185,9,219.28071000000003,1
1185,10,227.14592000000002,1
1185,11,243.69054,1
1185,12,249.45058,1
1186,12,84.62368000000001,1
1187,4,35.31268,0
1187,5,43.54549,0
1187,6,48.52745,0
1187,7,37.36676,0
1187,8,55.2114,0
1187,9,38.86225,0
1187,10,41.03893,0
1187,11,48.19176,0
1187,12,42.45421,0
1188,9,102.44597,1
1188,10,196.9049,1
1188,11,223.47252000000003,1
1188,12,193.89999,1
1189,9,27.364449999999998,0
1189,10,56.22088,0
1189,11,45.68903,0
1189,12,50.508889999999994,0
1190,12,150.25801,1
1191,5,125.92536,1
1191,6,168.31951999999998,1
1191,7,178.11564,1
1191,8,143.10541,1
1191,9,181.57589000000002,1
1191,10,155.78602,1
1191,11,154.87526,1
1191,12,136.92232,1
1192,10,40.99848,0
1192,11,29.48091,0
1192,12,29.772219999999997,0
1193,7,40.23613,0
1193,8,47.81918,0
1193,9,42.39889,0
1193,10,48.791990000000006,0
1193,11,42.622460000000004,0
1193,12,45.67448,0
1194,8,,0
1194,9,,0
1194,10,,0
1194,11,,0
1194,12,,0
1195,9,28.48205,0
1195,10,40.45846,0
1195,11,43.416410000000006,0
1195,12,39.486580000000004,0
1196,1,114.06617,1
1196,2,194.7141,1
1196,3,261.44646,1
1196,4,220.88068,1
1196,5,217.34798,1
1196,6,228.10629,1
1196,7,180.77184999999997,1
1196,8,259.87422000000004,1
1196,9,195.4334,1
1196,10,232.69643,1
1196,11,175.86792000000003,1
1196,12,192.12576,1
1197,11,32.8465,0
1197,12,44.60755,0
1198,9,44.97246,0
1198,10,53.8189,0
1198,11,45.898179999999996,0
1198,12,38.75201,0
1199,8,147.03605,1
1199,9,163.58891,1
1199,10,204.24105000000003,1
1199,11,225.87658000000002,1
1199,12,141.24983,1
1200,11,24.76703,0
1200,12,37.24804,0
1201,6,50.80711,0
1201,7,60.99991,0
1201,8,54.188340000000004,0
1201,9,56.35317,0
1201,10,61.516909999999996,0
1201,11,68.82109,0
1201,12,54.584120000000006,0
1202,10,151.93803,1
1202,11,135.43301,1
1202,12,121.06513999999999,1
1203,3,21.95973,0
1203,4,40.44892,0
1203,5,35.57289,0
1203,6,46.65627,0
1203,7,45.469300000000004,0
1203,8,51.0887,0
1203,9,39.189460000000004,0
1203,10,42.05833,0
1203,11,41.158770000000004,0
1203,12,46.99362,0
1204,11,,1
1204,12,,1
1205,11,38.43839,0
1205,12,52.95922,0
1206,7,46.73826,0
1206,8,58.26873,0
1206,9,59.476330000000004,0
1206,10,51.13584,0
1206,11,51.98054,0
1206,12,58.464150000000004,0
1207,12,33.01021,0
1208,12,49.17679,0
1209,8,22.71292,0
1209,9,55.3852,0
1209,10,44.75888,0
1209,11,39.93708,0
1209,12,45.69507,0
1210,6,48.20874,0
1210,7,35.31877,0
1210,8,46.10145,0
1210,9,34.56224,0
1211,7,156.49886,1
1211,8,221.27952,1
1211,9,176.92274,1
1211,10,197.67385000000002,1
1211,11,233.3876,1
1211,12,230.67296000000002,1
1212,7,22.20311,0
1212,8,40.272940000000006,0
1212,9,40.70093,0
1212,10,44.87851,0
1212,11,43.35894,0
1212,12,39.73105,0
1213,11,84.08472,1
1213,12,181.36885999999998,1
1214,1,79.37475,1
1214,2,204.05615,1
1214,3,206.91136,1
1214,4,163.62242,1
1214,5,168.42145,1
1214,6,201.0916,1
1214,7,168.75264,1
1214,8,180.63698999999997,1
1214,9,183.50465,1
1214,10,205.23586000000003,1
1214,11,182.24655,1
1214,12,166.49704,1
1215,9,47.34282,0
1215,10,63.74647,0
1215,11,58.12659,0
1215,12,73.61203,0
1216,9,27.25383,0
1216,10,40.783640000000005,0
1216,11,44.89824,0
1216,12,44.97112,0
1217,10,55.54853,0
1217,11,44.88857,0
1217,12,38.89691,0
1218,12,42.97405,0
1219,11,30.5699,0
1219,12,52.407920000000004,0
1220,4,28.71987,0
1220,5,42.22027,0
1220,6,46.08906,0
1220,7,43.83985,0
1220,8,45.332409999999996,0
1220,9,42.162819999999996,0
1220,10,42.12148,0
1220,11,46.90039,0
1220,12,38.44994,0
1221,12,30.746000000000002,0
1222,6,,0
1222,7,49.2129,0
1222,8,52.92823,0
1222,9,37.85070999999999,0
1222,10,43.08029,0
1222,11,40.17882,0
1222,12,38.32483,0
1223,7,46.85262,0
1223,8,45.91798,0
1223,9,43.274010000000004,0
1223,10,45.85668,0
1223,11,44.803219999999996,0
1223,12,45.71134000000001,0
1224,6,,1
1224,7,204.79653000000002,1
1224,8,203.84989,1
1224,9,171.56558,1
1224,10,176.18858,1
1225,12,47.03635,0
1226,7,155.37972000000002,1
1226,8,151.70622,1
1226,9,209.34765000000002,1
1226,10,175.76009000000002,1
1226,11,185.9445,1
1226,12,173.74776000000003,1
1227,12,48.26159,0
1228,10,33.59824,0
1228,11,46.20972,0
1228,12,32.70384,0
1229,12,195.10437000000002,1
1230,12,196.24112000000002,1
1231,6,160.19412,1
1231,7,157.32621999999998,1
1231,8,171.37835,1
1231,9,190.41151,1
1231,10,163.87959,1
1231,11,168.64305000000002,1
1231,12,175.61043,1
1232,4,39.99489,0
1232,5,37.083780000000004,0
1232,6,48.343959999999996,0
1232,7,35.67564,0
1232,8,37.655159999999995,0
1232,9,56.70108,0
1232,10,49.808429999999994,0
1232,11,40.1449,0
1232,12,40.86389,0
1233,10,32.17422,0
1233,11,49.69072,0
1233,12,46.85167,0
1234,12,119.38919999999999,1
1235,11,43.288759999999996,0
1235,12,31.71301,0
1236,4,161.02661,1
1236,5,156.89632,1
1236,6,185.84248,1
1236,7,149.47120999999999,1
1236,8,179.14245,1
1236,9,169.91427,1
1236,10,160.7963,1
1236,11,175.71731,1
1236,12,192.78435000000002,1
1237,9,148.95891999999998,1
1237,10,134.76747,1
1237,11,107.9875,1
1237,12,163.98753,1
1238,11,53.6801,0
1238,12,56.99633,0
1239,10,44.17361,0
1239,11,34.19693,0
1239,12,40.11098,0
1240,6,33.14315,0
1240,7,72.90683,0
1240,8,83.42123,0
1240,9,67.90843000000001,0
1240,10,80.77004,0
1240,11,64.82029,0
1240,12,78.43146999999999,0
1241,9,42.99914,0
1241,10,36.79383,0
1241,11,28.94537,0
1241,12,36.32441,0
1242,10,38.237610000000004,0
1242,11,43.50284,0
1242,12,37.82607,0
1243,10,33.55983,0
1243,11,56.41674,0
1243,12,58.51234,0
1244,11,43.630790000000005,0
1244,12,44.59586,0
1245,7,23.91214,0
1245,8,36.62165,0
1245,9,35.383939999999996,0
1245,10,37.367270000000005,0
1245,11,37.31429,0
1245,12,35.11377,0
1246,2,195.72213,1
1246,3,272.74967,1
1246,4,242.17674,1
1246,5,194.00292000000002,1
1246,6,173.02607,1
1246,7,178.78222,1
1246,8,182.95615999999998,1
1246,9,108.13382999999999,1
1247,7,81.65371999999999,1
1247,8,161.71656000000002,1
1247,9,202.33281,1
1247,10,155.82585,1
1247,11,177.74892,1
1247,12,240.64763,1
1248,11,24.48053,0
1248,12,50.929359999999996,0
1249,5,118.57886,1
1249,6,169.47298,1
1249,7,148.33373,1
1249,8,185.95432,1
1249,9,173.65476,1
1249,10,136.29213000000001,1
1250,10,114.10804,1
1250,11,136.83605,1
1250,12,114.51310000000001,1
1251,3,39.04047,0
1251,4,55.52368,0
1251,5,43.01275,0
1251,6,62.679159999999996,0
1251,7,43.79256,0
1251,8,55.76361000000001,0
1251,9,41.74489,0
1251,10,51.51904,0
1251,11,39.18927,0
1251,12,43.00266,0
1252,6,35.90751,0
1252,7,47.96361,0
1252,8,42.76783,0
1252,9,47.33294,0
1252,10,50.90529,0
1252,11,44.857330000000005,0
1252,12,47.08733,0
1253,9,138.80125,1
1253,10,173.25187,1
1253,11,145.95722,1
1253,12,159.75534000000002,1
1254,8,42.759460000000004,0
1254,9,52.9501,0
1254,10,44.28354,0
1254,11,43.73212,0
1254,12,51.942719999999994,0
1255,8,133.39229,1
1255,9,123.89964,1
1255,10,127.36205,1
1255,11,109.07149000000001,1
1255,12,122.6624,1
1256,9,41.26963,0
1256,10,45.13265,0
1256,11,56.29496,0
1256,12,45.66548,0
1257,4,28.0146,0
1257,5,42.62556,0
1257,6,37.51496,0
1257,7,48.804,0
1257,8,47.6801,0
1257,9,27.46319,0
1257,10,37.83955,0
1257,11,46.877449999999996,0
1257,12,40.11046,0
1258,7,36.24716,0
1258,8,41.62919,0
1258,9,41.15616,0
1258,10,42.75609,0
1258,11,43.28259,0
1258,12,47.53029,0
1259,3,25.9088,0
1259,4,26.38694,0
1259,5,28.748730000000002,0
1259,6,25.20805,0
1259,7,27.79551,0
1259,8,28.78411,0
1259,9,28.027430000000003,0
1259,10,25.4553,0
1259,11,26.6724,0
1259,12,26.99767,0
1260,12,55.95488,0
1261,2,27.24456,0
1261,3,47.475390000000004,0
1261,4,56.62005,0
1261,5,42.5813,0
1261,6,46.59317,0
1261,7,60.9888,0
1261,8,52.16914,0
1261,9,40.63798,0
1261,10,40.774730000000005,0
1261,11,37.29744,0
1261,12,39.74283,0
1262,12,45.4958,0
1263,3,39.56028,0
1263,4,34.991099999999996,0
1263,5,34.45285,0
1263,6,41.23652,0
1263,7,52.22828,0
1263,8,38.65035,0
1263,9,41.26604,0
1263,10,46.15833,0
1263,11,39.76648,0
1263,12,39.98366,0
1264,5,165.79017,1
1264,6,160.22598,1
1264,7,147.7023,1
1264,8,144.42556000000002,1
1264,9,154.41686,1
1264,10,196.1269,1
1264,11,176.33492,1
1264,12,151.9622,1
1265,11,26.49869,0
1265,12,53.43624,0
1266,12,40.95625,0
1267,11,25.53023,0
1267,12,87.88806,0
1268,3,47.16723,0
1268,4,48.89116,0
1268,5,58.14359,0
1268,6,69.07241,0
1268,7,74.15388999999999,0
1268,8,67.20989,0
1268,9,57.90677,0
1268,10,67.78374,0
1268,11,51.78075,0
1268,12,65.01674,0
1270,9,135.25821000000002,1
1270,10,181.94949000000003,1
1270,11,164.52453,1
1270,12,214.35015,1
1271,12,40.034949999999995,0
1272,11,22.89914,0
1272,12,64.03825,0
1273,10,126.48751000000001,1
1273,11,147.24128000000002,1
1273,12,171.65069,1
1274,12,173.68135999999998,1
1276,9,33.97102,0
1276,10,48.12323,0
1276,11,43.25143,0
1276,12,47.959649999999996,0
1277,4,37.58217,0
1277,5,49.30533,0
1277,6,45.222989999999996,0
1277,7,47.78372,0
1277,8,47.64108,0
1277,9,44.90205,0
1277,10,44.67358,0
1277,11,49.46388,0
1277,12,45.49273,0
1278,11,43.06851,0
1278,12,52.62008,0
1279,10,141.73644,1
1279,11,150.60871,1
1279,12,163.06702,1
1280,6,26.52347,0
1280,7,51.63127,0
1280,8,42.36822,0
1280,9,51.44157,0
1280,10,39.40444,0
1280,11,44.87586,0
1280,12,41.075739999999996,0
1281,7,25.61579,0
1281,8,34.17284,0
1281,9,31.691370000000003,0
1281,10,42.99138,0
1281,11,32.94963,0
1281,12,31.326069999999998,0
1282,11,174.16716,1
1282,12,224.7652,1
1283,11,74.39637,1
1283,12,290.2021,1
1284,9,41.63808,0
1284,10,56.58607,0
1284,11,50.45503,0
1284,12,53.39666,0
1285,8,33.48408,0
1285,9,35.8979,0
1285,10,34.43231,0
1285,11,31.969829999999998,0
1285,12,37.8566,0
1286,12,43.92289,0
1287,11,43.72339,0
1287,12,51.96716,0
1288,10,42.21493,0
1288,11,38.88993,0
1288,12,42.006280000000004,0
1289,11,142.29745,1
1289,12,186.39027,1
1290,11,32.87596,0
1290,12,26.2402,0
1291,4,25.57074,0
1291,5,34.720929999999996,0
1291,6,39.20185,0
1291,7,44.64287,0
1291,8,54.146609999999995,0
1291,9,36.97113,0
1291,10,45.644149999999996,0
1291,11,47.112880000000004,0
1291,12,35.00177,0
1292,7,39.73329,0
1292,8,80.44945,0
1292,9,60.29559,0
1292,10,75.09245,0
1292,11,61.067690000000006,0
1292,12,72.84321,0
1293,8,51.28830000000001,0
1293,9,54.6777,0
1293,10,59.36983000000001,0
1293,11,52.58442,0
1293,12,53.30768,0
1294,9,30.58276,0
1294,10,55.16147,0
1294,11,40.68391,0
1295,8,41.43356,0
1295,9,39.956630000000004,0
1295,10,54.48474,0
1295,11,38.03241,0
1295,12,53.79924,0
1296,10,124.84899999999999,1
1296,11,193.24604,1
1296,12,156.69079,1
1297,11,34.3845,0
1297,12,30.42252,0
1298,12,41.27796,0
1299,3,34.9396,0
1299,4,36.91089,0
1299,5,51.11232,0
1299,6,47.055989999999994,0
1299,7,48.94303,0
1299,8,45.2433,0
1299,9,48.730509999999995,0
1299,10,47.84591,0
1299,11,34.35913,0
1299,12,44.21476,0
1300,10,30.363950000000003,0
1300,11,43.88219,0
1300,12,55.97258,0
1301,11,113.44309999999999,1
1301,12,295.57251,1
1302,9,37.70709,0
1302,10,63.66262999999999,0
1302,11,58.011089999999996,0
1302,12,32.82804,0
1303,12,226.90152,1
1304,10,73.65417,1
1304,11,194.72688,1
1304,12,217.42793,1
1305,5,38.2779,0
1305,6,49.31716,0
1305,7,48.27588,0
1305,8,47.77466,0
1305,9,50.98219,0
1305,10,47.80641,0
1305,11,49.94794,0
1305,12,48.1759,0
1306,11,20.38499,0
1308,11,28.229779999999998,0
1308,12,53.66124,0
1309,11,20.9813,0
1309,12,40.1659,0
1310,11,20.915,0
1310,12,43.990759999999995,0
1311,6,,1
1311,7,225.44290999999998,1
1311,8,173.37849,1
1311,9,185.12238,1
1311,10,168.26357,1
1311,11,158.98529000000002,1
1311,12,133.08489,1
1312,3,52.99957,0
1312,4,56.12655,0
1312,5,52.69411,0
1312,6,46.9022,0
1312,7,57.53505,0
1312,8,46.52009,0
1312,9,51.21237,0
1312,10,52.156710000000004,0
1312,11,44.093489999999996,0
1313,6,36.54584,0
1313,7,50.073530000000005,0
1313,8,42.67472,0
1313,9,40.19419,0
1313,10,43.449709999999996,0
1313,11,44.939319999999995,0
1313,12,35.33141,0
1314,11,170.8718,1
1314,12,142.17071,1
1315,11,33.62282,0
1315,12,36.32898,0
1316,5,23.556440000000002,0
1316,6,37.14485,0
1316,7,46.8178,0
1316,8,48.84532,0
1316,9,48.16739,0
1316,10,47.23948,0
1316,11,49.000659999999996,0
1316,12,49.45146,0
1317,11,116.70763,1
1317,12,160.42388,1
1318,9,20.84711,0
1318,10,49.49074,0
1318,11,55.6907,0
1318,12,50.50416,0
1320,4,40.10962,0
1320,5,51.52095,0
1320,6,44.41215,0
1320,7,52.8437,0
1320,8,52.99346,0
1320,9,45.242020000000004,0
1320,10,54.42085,0
1320,11,53.47891,0
1320,12,52.81239,0
1321,6,38.40118,0
1321,7,44.52601,0
1321,8,50.97965,0
1321,9,51.57786,0
1321,10,53.73538,0
1321,11,46.02838,0
1321,12,56.80675,0
1322,8,23.87868,0
1322,9,33.61262,0
1322,10,33.19254,0
1322,11,41.799980000000005,0
1322,12,39.77572000000001,0
1323,12,21.36575,0
1324,4,50.43172,0
1324,5,54.113119999999995,0
1324,6,56.77069,0
1324,7,55.47315,0
1324,8,51.37248,0
1324,9,58.561679999999996,0
1324,10,55.73878,0
1324,11,63.30503,0
1324,12,54.78889,0
1325,11,35.33088,0
1325,12,59.30574,0
1326,7,28.650309999999998,0
1326,8,46.09058,0
1326,9,42.57298,0
1326,10,40.832260000000005,0
1326,11,46.72552,0
1326,12,52.07135,0
1327,8,28.082250000000002,0
1327,9,48.7888,0
1327,10,59.63684,0
1327,11,45.46986,0
1327,12,39.71594,0
1328,4,26.37583,0
1328,5,61.99109,0
1328,6,55.96752,0
1328,7,68.86559,0
1328,8,46.57741,0
1328,9,47.68635,0
1328,10,59.00189999999999,0
1328,11,59.00694,0
1328,12,57.70261,0
1329,8,107.92,1
1329,9,236.75148000000002,1
1329,10,200.82656,1
1329,11,245.76205,1
1329,12,234.23326,1
1330,11,121.63669,1
1330,12,147.86115999999998,1
1331,8,50.36156,0
1331,9,50.37992,0
1331,10,46.71526,0
1331,11,44.940960000000004,0
1331,12,52.34442,0
1332,8,51.40154,0
1332,9,48.989169999999994,0
1332,10,55.1747,0
1332,11,51.19585,0
1332,12,43.40945,0
1333,11,76.79082,1
1333,12,188.0871,1
1334,3,26.42917,0
1334,4,42.199059999999996,0
1334,5,46.887969999999996,0
1334,6,37.59,0
1334,7,49.27737,0
1334,8,48.1503,0
1334,9,42.93015,0
1334,10,50.49823,0
1334,11,52.19852,0
1334,12,49.06094,0
1335,6,45.94998,0
1335,7,54.4311,0
1335,8,57.440169999999995,0
1335,9,50.92801,0
1335,10,47.12647,0
1335,11,39.95906,0
1335,12,51.55018,0
1336,4,37.43521,0
1336,5,39.76353,0
1336,6,55.24735,0
1336,7,47.381609999999995,0
1336,8,37.51154,0
1336,9,43.274190000000004,0
1336,10,46.53099,0
1336,11,44.25296,0
1336,12,42.87655,0
1337,11,43.712230000000005,0
1337,12,43.24431,0
1338,8,44.542469999999994,0
1338,9,39.27697,0
1338,10,38.30524,0
1338,11,38.501329999999996,0
1338,12,54.447959999999995,0
1339,5,24.03501,0
1339,6,26.82756,0
1339,7,26.40359,0
1339,8,26.154159999999997,0
1339,9,26.14887,0
1339,10,25.353099999999998,0
1339,11,25.76378,0
1339,12,25.81311,0
1340,8,,0
1340,9,37.31567,0
1340,10,,0
1340,11,24.651310000000002,0
1340,12,37.98228,0
1341,10,44.62553,0
1341,11,49.176050000000004,0
1341,12,49.659800000000004,0
1342,12,44.52189,0
1343,8,30.63945,0
1343,9,51.09637,0
1343,10,60.797430000000006,0
1343,11,51.90555,0
1343,12,55.54799,0
1344,12,25.14821,0
1345,10,32.41463,0
1345,11,42.46589,0
1345,12,32.66955,0
1346,4,76.01364000000001,1
1346,5,176.38747,1
1346,6,187.89084,1
1346,7,179.47384,1
1346,8,181.09796999999998,1
1346,9,179.64388000000002,1
1346,10,183.51945,1
1346,11,189.34126,1
1346,12,186.91397999999998,1
1347,7,73.91746,1
1347,8,186.05016,1
1347,9,146.91165,1
1347,10,205.41745000000003,1
1347,11,214.75253,1
1347,12,187.4214,1
1348,10,35.69301,0
1348,11,40.40768,0
1348,12,41.302130000000005,0
1349,10,,0
1349,11,,0
1349,12,,0
1350,11,29.27091,0
1350,12,48.61345,0
1351,10,83.26733,1
1351,11,206.35033,1
1351,12,210.78151,1
1352,9,146.88280000000003,1
1352,10,168.02287,1
1352,11,138.54717,1
1352,12,178.00186000000002,1
1353,5,27.08905,0
1353,6,43.235079999999996,0
1353,7,49.38277,0
1353,8,51.17821,0
1353,9,44.64956,0
1353,10,51.4656,0
1353,11,45.6189,0
1353,12,41.499539999999996,0
1354,8,80.14036,1
1354,9,167.34082,1
1354,10,175.36635,1
1354,11,157.58126,1
1354,12,184.57683,1
1355,10,49.56126,0
1355,11,38.9334,0
1355,12,42.40116,0
1356,9,29.63034,0
1356,10,47.30408,0
1356,11,41.450770000000006,0
1356,12,47.17671,0
1357,5,21.08398,0
1357,6,43.05718,0
1357,7,36.9799,0
1357,8,39.38287,0
1357,9,44.60845,0
1357,10,23.08522,0
1358,4,22.851309999999998,0
1358,5,38.25419,0
1358,6,48.01495,0
1358,7,47.21421,0
1358,8,51.469660000000005,0
1358,9,47.47833,0
1358,10,49.19681,0
1358,11,48.812799999999996,0
1358,12,23.1145,0
1359,2,47.33887,0
1359,3,63.51426,0
1359,4,58.76665,0
1359,5,57.89045,0
1359,6,55.78024,0
1359,7,61.055310000000006,0
1359,8,63.95707,0
1359,9,59.694100000000006,0
1359,10,59.07813,0
1359,11,57.01625,0
1359,12,64.63983999999999,0
1360,12,51.80777,0
1361,5,,0
1361,6,46.11,0
1361,7,42.023250000000004,0
1361,8,51.41703,0
1361,9,47.03947,0
1361,10,47.63005,0
1361,11,51.560790000000004,0
1361,12,52.71453,0
1362,1,35.1592,0
1362,2,38.381299999999996,0
1362,3,45.769149999999996,0
1362,4,34.66799,0
1362,5,36.339110000000005,0
1362,6,54.20547,0
1362,7,46.97292,0
1362,8,39.93043,0
1362,9,36.48014,0
1362,10,39.923899999999996,0
1362,11,39.14447,0
1362,12,37.36446,0
1363,9,124.42704,1
1363,10,171.43092000000001,1
1363,11,168.24719,1
1363,12,170.66485999999998,1
1364,8,34.85075,0
1364,9,46.76802,0
1364,10,45.22855,0
1364,11,47.08547,0
1364,12,48.35925,0
1365,6,28.935430000000004,0
1365,7,40.96119,0
1365,8,43.72282,0
1365,9,44.70806,0
1365,10,48.928470000000004,0
1365,11,42.53808,0
1365,12,50.80455,0
1366,8,34.45805,0
1366,9,39.75702,0
1366,10,42.38649,0
1366,11,40.57707,0
1366,12,44.4593,0
1367,7,25.11186,0
1367,8,43.18509,0
1367,9,39.48517,0
1367,10,43.45854,0
1367,11,39.59015,0
1367,12,42.53875,0
1368,5,98.60854,1
1368,6,176.32137,1
1368,7,162.22935,1
1368,8,165.96248,1
1368,9,166.58531,1
1368,10,163.68541,1
1368,11,194.12661,1
1368,12,193.78265000000002,1
1369,11,39.23997,0
1369,12,70.56224,0
1370,9,117.25372999999999,1
1370,10,179.78815000000003,1
1370,11,148.29111,1
1370,12,159.99806999999998,1
1371,10,22.587040000000002,0
1371,11,50.86513,0
1371,12,55.38966,0
1372,12,50.35219,0
1373,9,116.74671000000001,1
1373,10,285.14972,1
1373,11,248.70215,1
1373,12,295.8456,1
1374,4,22.802030000000002,0
1374,5,60.2598,0
1374,6,67.61655,0
1374,7,62.30252,0
1374,8,64.59644,0
1374,9,49.53653,0
1374,10,59.189460000000004,0
1374,11,55.86802,0
1374,12,59.342839999999995,0
1375,12,43.33269,0
1376,11,188.8822,1
1376,12,171.11038000000002,1
1377,7,31.87411,0
1377,8,59.42778,0
1377,9,52.80458,0
1377,10,39.66746,0
1377,11,50.87905,0
1377,12,53.38587,0
1379,11,45.4299,0
1379,12,106.80489,0
1380,9,161.48028,1
1380,10,190.77673,1
1380,11,174.18972000000002,1
1380,12,212.95172,1
1381,9,37.51515,0
1381,10,65.76323,0
1381,11,61.22216,0
1381,12,58.846630000000005,0
1382,6,91.69279,1
1382,7,150.94164,1
1382,8,133.14074,1
1382,9,180.77387,1
1382,10,153.6762,1
1382,11,129.92738,1
1382,12,138.53237000000001,1
1383,10,140.69270999999998,1
1383,11,191.63411,1
1383,12,214.70863000000003,1
1384,6,158.53395,1
1384,7,230.15331,1
1384,8,187.08179,1
1384,9,177.69593,1
1384,10,220.29679,1
1384,11,183.13701,1
1384,12,208.70859,1
1385,3,23.72376,0
1385,4,35.163160000000005,0
1385,5,36.49156,0
1385,6,48.01132,0
1385,7,52.222680000000004,0
1385,8,44.38176,0
1385,9,49.870689999999996,0
1385,10,49.309889999999996,0
1385,11,49.81271,0
1385,12,38.30839,0
1386,11,32.99094,0
1386,12,49.79511,0
1387,8,45.80955,0
1387,9,56.184529999999995,0
1387,10,53.98265,0
1387,11,42.32539,0
1387,12,54.07332,0
1388,12,145.64263,1
1389,5,148.92559,1
1389,6,210.71917,1
1389,7,176.04165,1
1389,8,181.83819,1
1389,9,213.07103,1
1389,10,195.69973000000002,1
1389,11,187.85700000000003,1
1389,12,172.03481,1
1390,4,149.77887,1
1390,5,170.35103,1
1390,6,133.19534,1
1390,7,136.30962,1
1390,8,175.58598,1
1390,9,134.10699,1
1390,10,147.96356,1
1390,11,145.24592,1
1390,12,165.77266000000003,1
1391,9,119.66404,1
1391,10,168.27965999999998,1
1391,11,180.5707,1
1391,12,175.93609000000004,1
1392,7,35.89708,0
1392,8,52.30092,0
1392,9,50.51369,0
1392,10,55.634910000000005,0
1392,11,50.69564,0
1392,12,47.25545,0
1393,10,,0
1393,11,39.161410000000004,0
1393,12,44.91872,0
1394,9,25.51513,0
1394,10,49.21658,0
1394,11,40.18804,0
1394,12,48.76933,0
1395,12,129.72319,1
1396,8,40.24529,0
1396,9,52.8977,0
1396,10,47.5376,0
1396,11,43.84325,0
1397,6,44.112179999999995,0
1397,7,54.76309,0
1397,8,47.453019999999995,0
1397,9,49.369429999999994,0
1397,10,51.57434000000001,0
1397,11,39.691829999999996,0
1397,12,55.24703,0
1398,10,26.63756,0
1398,11,43.91932,0
1398,12,49.4354,0
1399,6,42.47667,0
1399,7,51.606840000000005,0
1399,8,53.57583,0
1399,9,49.79366,0
1399,10,53.107240000000004,0
1399,11,47.39338,0
1399,12,55.22927,0
1400,3,42.82699,0
1400,4,47.64468,0
1400,5,49.40744,0
1400,6,47.51271,0
1400,7,51.35637,0
1400,8,30.5104,0
1400,9,34.33287,0
1400,10,37.91645,0
1400,11,32.74391,0
1400,12,55.03515,0
1401,8,75.28821,1
1401,9,98.30584999999999,1
1401,10,145.26805000000002,1
1401,11,112.30237,1
1401,12,114.50608,1
1402,9,32.91706,0
1402,10,45.77644,0
1402,11,42.1591,0
1402,12,46.655,0
1403,3,112.78734,1
1403,4,230.81201000000001,1
1403,5,237.50293,1
1403,6,189.873,1
1403,7,178.20126,1
1403,8,211.10393,1
1403,9,279.85456,1
1403,10,268.72756000000004,1
1403,11,216.48075,1
1403,12,212.64442,1
1404,8,53.49525,0
1404,9,38.31676,0
1404,10,46.43654,0
1404,11,35.550169999999994,0
1404,12,39.2391,0
1405,6,85.37611,1
1405,7,162.72615000000002,1
1405,8,202.67941,1
1405,9,173.50195000000002,1
1405,10,184.32406,1
1405,11,192.23825,1
1405,12,148.71119,1
1406,3,21.790219999999998,0
1406,4,47.64626,0
1406,5,42.76531,0
1406,6,47.300019999999996,0
1406,7,50.05412,0
1406,8,57.19178,0
1406,9,51.86892,0
1406,10,50.31729,0
1406,11,54.95798,0
1406,12,54.29446,0
1407,11,72.04042,1
1407,12,185.54383,1
1408,2,43.544149999999995,0
1408,3,52.74091,0
1408,4,46.149499999999996,0
1408,5,46.07392,0
1408,6,49.44328,0
1408,7,48.62638,0
1408,8,49.41123,0
1408,9,48.796260000000004,0
1408,10,36.15966,0
1408,11,46.27297,0
1408,12,48.77868,0
1409,10,135.12221,1
1409,11,216.57294,1
1409,12,174.61628,1
1410,10,50.03541,0
1410,11,50.93443,0
1410,12,37.297059999999995,0
1411,8,35.68275,0
1411,9,45.96501,0
1411,10,43.75226,0
1411,11,42.46705,0
1411,12,29.999200000000002,0
1412,6,106.20825,1
1412,7,214.73101000000003,1
1412,8,162.48405000000002,1
1412,9,159.61878000000002,1
1412,10,180.5614,1
1412,11,147.01949000000002,1
1412,12,151.8711,1
1413,12,44.37935,0
1414,8,20.57946,0
1414,9,59.46723,0
1414,10,46.98628,0
1414,11,55.40623,0
1414,12,64.29851,0
1415,7,38.97826,0
1415,8,52.295429999999996,0
1415,9,51.36419,0
1415,10,37.41561,0
1415,11,41.68754,0
1415,12,53.98171,0
1416,10,47.36387,0
1416,11,48.06069,0
1416,12,64.85003,0
1417,6,77.01362999999999,1
1417,7,229.50905,1
1417,8,187.38671,1
1417,9,158.26124,1
1417,10,228.92701,1
1417,11,203.97613,1
1417,12,208.77509,1
1418,8,31.29159,0
1418,9,59.613850000000006,0
1418,10,60.11703000000001,0
1418,11,62.330290000000005,0
1418,12,69.80429000000001,0
1419,11,32.914860000000004,0
1419,12,51.89859,0
1420,7,77.64437,1
1420,8,179.28283,1
1420,9,156.13611,1
1420,10,162.34154999999998,1
1420,11,173.54559,1
1420,12,193.12187,1
1421,10,31.44728,0
1421,11,50.67042,0
1421,12,52.98417,0
1422,10,113.3251,1
1422,11,145.92912,1
1422,12,142.97128,1
1423,10,35.71439,0
1423,11,22.63493,0
1424,11,76.9425,1
1424,12,269.90786,1
1425,9,30.22394,0
1425,10,44.6734,0
1425,11,48.9183,0
1425,12,43.1034,0
1426,11,144.85881999999998,1
1426,12,243.24103,1
1427,5,73.73310000000001,1
1427,6,129.2767,1
1427,7,123.20834,1
1427,8,142.65759,1
1427,9,99.61583,1
1427,10,139.60397,1
1427,11,93.7355,1
1427,12,105.88574,1
1428,10,29.01412,0
1428,11,38.50788,0
1428,12,44.037220000000005,0
1429,12,30.43431,0
1430,12,41.33198,0
1431,10,21.84168,0
1431,11,55.1028,0
1431,12,48.6805,0
1432,10,114.03853000000001,1
1432,11,183.08708000000001,1
1432,12,176.58282,1
1433,9,109.01389,1
1433,10,259.55606,1
1433,11,225.45006,1
1433,12,230.63694,1
1434,3,45.97788,0
1434,4,43.55344,0
1434,5,43.53601,0
1434,6,48.67786,0
1434,7,48.72824,0
1434,8,46.43106,0
1434,9,48.842659999999995,0
1434,10,46.227599999999995,0
1434,11,50.50592,0
1434,12,50.48213,0
1435,9,169.93232,1
1435,10,233.72996,1
1435,11,278.74186,1
1435,12,227.78619,1
1436,8,75.23187,1
1436,9,196.86440000000002,1
1436,10,165.53536000000003,1
1436,11,154.50561000000002,1
1436,12,168.89136000000002,1
1437,11,48.02889,0
1437,12,45.331939999999996,0
1438,9,28.61638,0
1438,10,52.56206,0
1438,11,47.12229,0
1438,12,52.734120000000004,0
1439,5,43.21206,0
1439,6,49.71823,0
1439,7,50.14439,0
1439,8,43.57293,0
1439,9,42.28644,0
1439,10,47.05796,0
1439,11,45.21852,0
1439,12,49.864419999999996,0
1440,5,22.41448,0
1440,6,44.511489999999995,0
1440,7,41.83604,0
1440,8,46.147760000000005,0
1440,9,48.1898,0
1440,10,40.703450000000004,0
1440,11,42.35393,0
1440,12,38.08353,0
1441,11,111.17111,1
1441,12,260.35775,1
1442,12,143.85903000000002,1
1443,11,37.61928,0
1443,12,54.4257,0
1444,8,36.04759,0
1444,9,42.34569,0
1444,10,51.63726,0
1444,11,47.906729999999996,0
1444,12,45.430099999999996,0
1445,3,86.67069000000001,1
1445,4,128.61196999999999,1
1445,5,166.50223,1
1445,6,157.7725,1
1445,7,129.16830000000002,1
1445,8,152.30324000000002,1
1445,9,104.68563,1
1446,9,38.98344,0
1446,10,53.40993,0
1446,11,50.85387,0
1446,12,52.72482,0
1447,10,31.0005,0
1447,11,74.2427,0
1447,12,59.82471,0
1448,10,31.97135,0
1448,11,40.36532,0
1448,12,40.5635,0
1449,10,47.60049,0
1449,11,43.60134,0
1449,12,49.70125,0
1450,12,170.46091,1
1451,8,94.60109,1
1451,9,138.59902,1
1451,10,148.82172000000003,1
1451,11,158.23354,1
1451,12,142.46186,1
1452,12,21.25008,0
1453,11,173.08089,1
1453,12,170.11058000000003,1
1454,7,86.2858,1
1454,8,205.67814,1
1454,9,208.99716999999998,1
1454,10,207.83726000000001,1
1454,11,145.86776,1
1454,12,199.55157,1
1455,11,30.65847,0
1455,12,22.09434,0
1456,6,139.03082,1
1456,7,153.62324999999998,1
1456,8,126.61181,1
1456,9,134.88155999999998,1
1456,10,105.50179,1
1456,11,143.81613,1
1456,12,140.0544,1
1457,12,35.14973,0
1458,7,82.10636,1
1458,8,163.48453999999998,1
1458,9,201.43654,1
1458,10,174.22019999999998,1
1458,11,169.66455000000002,1
1458,12,158.09398,1
1459,11,204.24417,1
1459,12,261.33876000000004,1
1460,5,86.58914,1
1460,6,279.31534,1
1460,7,251.47088,1
1460,8,263.84722,1
1460,9,296.78501000000006,1
1460,10,261.52837999999997,1
1460,11,218.72173999999998,1
1460,12,251.94181,1
1461,9,27.84228,0
1461,10,44.83224,0
1461,11,41.03734,0
1461,12,38.88174,0
1462,10,104.88122,1
1462,11,112.99806000000001,1
1462,12,157.90548,1
1464,11,33.75489,0
1464,12,41.80699,0
1465,6,85.31219,1
1465,7,160.62686000000002,1
1465,8,190.37493,1
1465,9,166.71479,1
1465,10,197.67665,1
1465,11,161.3501,1
1465,12,155.15303,1
1466,5,28.81298,0
1466,6,38.78535,0
1466,7,44.01599,0
1466,8,39.93166,0
1466,9,44.39208,0
1466,10,42.68202,0
1466,11,39.43023,0
1466,12,39.30315,0
1467,4,101.15045,1
1467,5,169.70440000000002,1
1467,6,217.57315,1
1467,7,157.84771,1
1467,8,193.49378,1
1467,9,153.78147,1
1467,10,200.84754,1
1467,11,167.77355,1
1467,12,182.93964,1
1468,9,43.391310000000004,0
1468,10,51.92046,0
1468,11,50.705,0
1468,12,47.06192,0
1469,11,27.00149,0
1469,12,57.731629999999996,0
1470,5,,0
1470,6,,0
1470,7,,0
1470,8,,0
1470,9,,0
1470,10,,0
1470,11,,0
1470,12,,0
1471,10,31.114359999999998,0
1471,11,25.78228,0
1472,4,43.70129,0
1472,5,37.94417,0
1472,6,43.26308,0
1472,7,36.68031,0
1472,8,36.94456,0
1472,9,51.14857,0
1472,10,37.80831,0
1474,8,27.79512,0
1474,9,50.49965,0
1474,10,45.81801,0
1474,11,45.91116,0
1474,12,45.61679,0
1475,7,79.30803,1
1475,8,173.84344,1
1475,9,173.09906,1
1475,10,162.15028999999998,1
1475,11,185.55984,1
1475,12,175.48482,1
1476,6,87.87148,1
1476,7,91.835,1
1476,8,122.85869,1
1476,9,131.56578000000002,1
1476,10,110.91793000000001,1
1476,11,118.96018000000001,1
1476,12,131.98117000000002,1
1477,10,112.96816000000001,1
1477,11,173.87277,1
1477,12,247.18043,1
1478,8,126.93639999999999,1
1478,9,180.49633,1
1478,10,138.53303,1
1478,11,166.31068000000002,1
1478,12,202.10477999999998,1
1479,11,38.40388,0
1479,12,45.36338000000001,0
1480,12,30.18081,0
1481,12,21.85148,0
1482,10,,1
1482,11,198.922,1
1482,12,74.50711,1
1483,4,23.51156,0
1483,5,46.12001,0
1483,6,45.48298,0
1483,7,36.6948,0
1483,8,42.376599999999996,0
1483,9,45.52078,0
1483,10,46.74745,0
1483,11,40.64759,0
1484,11,,0
1484,12,39.45062,0
1485,12,46.953250000000004,0
1486,12,49.90513,0
1487,12,151.53383,1
1488,5,41.6491,0
1488,6,42.68903,0
1488,7,49.6923,0
1488,8,46.91639,0
1488,9,38.64238,0
1488,10,47.56576,0
1488,11,46.20932,0
1488,12,44.64993,0
1489,9,42.932649999999995,0
1489,10,51.49608,0
1489,11,50.382149999999996,0
1489,12,48.51877,0
1490,7,95.08564,1
1490,8,309.87066000000004,1
1490,9,298.45435,1
1490,10,310.36201,1
1490,11,224.04648999999998,1
1490,12,367.05035000000004,1
1491,4,,0
1491,5,39.58629,0
1491,6,42.13789,0
1491,7,42.37319,0
1491,8,42.10884,0
1491,9,38.2099,0
1491,10,31.06679,0
1491,11,37.76363,0
1491,12,38.77702,0
1492,9,23.846049999999998,0
1492,10,41.29792,0
1492,11,49.25448,0
1492,12,37.76931,0
1493,8,151.46034,1
1493,9,149.98573,1
1493,10,167.03159,1
1493,11,163.13696000000002,1
1493,12,160.48642999999998,1
1494,7,39.60414,0
1494,8,49.73324,0
1494,9,48.8585,0
1494,10,37.7131,0
1494,11,53.15272,0
1494,12,47.67815,0
1495,9,50.98517,0
1495,10,47.98491,0
1495,11,54.53628,0
1495,12,57.6215,0
1496,8,31.60426,0
1496,9,48.217470000000006,0
1496,10,43.36216,0
1496,11,37.19376,0
1496,12,44.62729,0
1497,12,121.46107,1
1498,2,46.27814,0
1498,3,46.67594,0
1498,4,49.70426,0
1498,5,50.21607,0
1498,6,41.07428,0
1498,7,53.46907,0
1498,8,47.09899,0
1498,9,52.66588,0
1498,10,48.42256,0
1498,11,44.93825,0
1498,12,52.38079,0
1499,9,42.39586,0
1499,10,49.89083,0
1499,11,43.73777,0
1499,12,54.15724,0
